InvoiceNo,StockCode,Description,Quantity,UnitPrice,InvoiceDate,CustomerID,Country
620959,71053,Budget item,1,74.41,09/22/2024,99359,Spain
314861,84029G,Take item,5,73.91,09/13/2024,53393,Germany
215905,22632,Race item,14,4.15,08/18/2024,35371,Germany
938037,84029G,Beautiful item,8,51.03,01/28/2025,35508,United Kingdom
984993,22086,Laugh item,7,71.89,05/31/2025,58208,Italy
196731,84029G,Course item,15,59.34,12/11/2023,51610,United Kingdom
217567,84406B,Suffer item,14,34.68,04/06/2025,65058,France
251459,84029G,Job item,11,11.12,02/26/2025,56320,Italy
262194,71053,Modern item,12,84.9,12/27/2023,23205,Netherlands
142595,85123A,Teacher item,15,54.09,05/15/2025,15402,Italy
631536,71053,Card item,18,30.02,10/31/2024,24742,Norway
386682,22632,Sing item,7,70.75,07/01/2023,22447,United Kingdom
338126,84029G,Report item,10,98.54,03/04/2025,13910,Spain
195480,71053,Talk item,13,28.52,06/14/2024,87662,Norway
923679,84406B,Congress item,12,36.17,08/17/2023,78640,Netherlands
606464,71053,Loss item,20,63.86,01/11/2024,19982,Spain
391932,84406B,Single item,15,38.57,10/10/2024,72823,Spain
696498,22752,Data item,2,23.68,08/08/2024,79350,United Kingdom
768807,22752,Resource item,13,27.51,05/25/2024,47142,Spain
622750,22632,College item,11,22.05,12/20/2023,70134,Finland
302519,21730,Nearly item,15,15.14,08/25/2023,66613,France
591728,84029G,Question item,18,54.36,01/11/2024,96682,Italy
212555,22632,Reason item,13,36.84,05/11/2024,45995,France
762986,22086,Town item,16,10.0,12/11/2023,78350,United Kingdom
954568,71053,Whom item,5,63.12,01/21/2024,79115,Italy
506279,22632,Cup item,3,39.09,10/27/2023,55778,Finland
713356,22086,Other item,9,97.14,04/19/2025,91829,United Kingdom
908540,71053,Social item,18,75.34,01/01/2024,25297,Norway
308803,71053,Budget item,10,44.04,01/11/2024,70573,Finland
559950,85123A,Foreign item,9,97.22,09/01/2023,29846,France
853116,22086,Attack item,4,87.18,05/01/2024,25621,Netherlands
993041,22086,Simple item,20,20.69,12/07/2024,58240,Norway
187178,84406B,Team item,18,95.4,10/25/2024,48848,United Kingdom
379672,22632,Recent item,11,49.37,08/09/2023,89105,Germany
274841,22752,Democratic item,10,24.71,05/01/2024,13795,Spain
317527,22632,Evidence item,3,9.48,06/01/2025,59109,Finland
126125,71053,Writer item,18,76.82,05/23/2025,68577,France
900457,22633,Executive item,18,17.35,06/21/2025,82908,Italy
680001,84029G,Draw item,18,75.77,05/09/2024,19440,Spain
865111,84029E,Door item,13,99.52,02/12/2024,88576,Norway
513013,22633,Agreement item,17,45.7,10/24/2024,19983,Spain
191169,84029G,Realize item,3,34.47,01/23/2025,24620,Spain
353476,22632,Community item,8,1.71,05/18/2025,25394,United Kingdom
888649,84029G,Now item,3,90.64,08/21/2023,16644,Norway
768124,71053,Green item,17,24.56,04/17/2025,57409,Finland
235304,84029G,Me item,18,14.1,11/20/2024,71267,Finland
764855,84029G,Property item,16,80.94,09/29/2024,27471,Spain
811049,71053,Leader item,4,66.24,03/14/2025,64518,Norway
818701,21730,Speech item,14,47.24,06/16/2025,60623,United Kingdom
383066,71053,Likely item,2,40.86,09/08/2023,99927,Norway
662617,71053,Left item,8,19.97,07/30/2023,36760,Finland
469052,84406B,Vote item,14,19.17,06/18/2025,72532,Finland
870469,84029G,Pretty item,3,44.87,05/06/2025,48730,Germany
971269,85123A,Bill item,18,83.77,02/17/2024,95546,Germany
812584,84029G,Nice item,6,41.23,11/17/2023,29937,Finland
309370,84029G,True item,13,90.34,11/15/2024,90150,France
400623,21730,Speak item,1,98.55,03/06/2024,79189,Netherlands
648186,22633,Kind item,10,42.88,12/22/2023,60572,Finland
964415,84406B,That item,7,30.37,02/07/2024,92330,United Kingdom
815988,22632,Take item,18,7.03,08/27/2024,46274,Norway
770387,85123A,Own item,2,58.83,06/05/2024,25518,France
733788,85123A,Cover item,17,8.93,02/03/2025,80628,France
838580,71053,Fish item,20,7.73,05/22/2025,57680,Spain
192713,21730,Nothing item,4,94.22,08/14/2024,79733,Spain
804386,22632,Manage item,20,4.93,04/10/2025,19120,Germany
643508,21730,Happen item,19,56.96,03/06/2024,19867,Norway
278944,84029E,Could item,7,67.3,05/23/2025,52136,Norway
342892,84029G,Alone item,9,40.18,01/13/2025,72610,Netherlands
797717,22633,Recently item,11,92.97,02/05/2024,94735,Germany
812019,85123A,Personal item,15,62.49,09/09/2023,10949,Germany
298314,71053,House item,18,22.1,12/22/2024,16407,Netherlands
759995,84406B,Experience item,12,88.21,04/11/2025,66342,Spain
582578,22752,During item,10,16.62,01/12/2024,51654,Netherlands
689425,22632,Ahead item,17,1.77,06/15/2024,98951,Netherlands
981156,71053,Position item,5,27.18,02/21/2025,31255,Germany
718224,22086,Owner item,5,27.96,04/11/2025,41505,Spain
174544,22752,Likely item,7,69.06,11/09/2024,11245,Netherlands
291628,22086,Possible item,16,25.86,11/30/2024,25490,United Kingdom
479683,71053,Order item,14,83.11,01/13/2024,61322,United Kingdom
538098,85123A,Memory item,11,77.34,01/26/2024,40455,Netherlands
765243,84406B,Still item,15,55.62,08/26/2023,69339,Italy
499958,22086,Daughter item,1,12.08,12/15/2024,52438,France
903221,22086,About item,2,83.62,12/07/2023,27593,France
862910,21730,Policy item,5,5.14,03/30/2024,39552,Norway
529018,85123A,Science item,12,21.8,11/03/2023,29487,Spain
322850,71053,Read item,12,78.23,07/20/2023,13293,Italy
459534,22632,Analysis item,5,92.65,05/07/2025,91387,Spain
486281,84406B,Within item,6,88.26,01/06/2025,42555,United Kingdom
246237,84406B,Mr item,11,78.46,08/11/2024,58324,Italy
677023,84029G,Economic item,9,16.76,09/05/2024,89926,Germany
205751,21730,Line item,2,86.0,11/02/2023,42250,Spain
648404,84029G,Dark item,15,35.62,03/21/2024,84669,Spain
180978,84029G,Meet item,1,66.34,03/20/2024,58312,Italy
501755,22752,Information item,9,86.57,03/15/2024,72989,Netherlands
998988,22752,Better item,17,40.57,05/25/2025,63989,Norway
212039,85123A,Economy item,4,87.83,05/06/2024,46646,Netherlands
454095,84406B,Compare item,19,96.29,04/14/2025,47438,Netherlands
265451,85123A,Apply item,4,60.06,02/22/2025,97810,Norway
356521,22752,Hold item,14,61.01,06/19/2024,66092,Germany
718035,21730,Later item,19,19.82,05/18/2024,60817,United Kingdom
899410,21730,Grow item,1,52.47,01/25/2024,42075,Spain
108686,22752,Lay item,14,7.93,11/19/2024,95921,Norway
265748,22632,Your item,11,66.68,02/26/2024,76093,Germany
151207,84029E,Wrong item,17,31.62,05/04/2024,25555,Italy
604075,22752,Evening item,13,70.02,02/16/2025,27368,France
491248,84029G,Professional item,14,66.83,12/07/2024,19314,Italy
570612,84406B,Able item,20,57.34,01/10/2025,38644,Italy
669026,22086,Radio item,1,31.08,07/03/2023,86356,Spain
959372,21730,Nearly item,19,61.06,06/14/2025,56496,Norway
479937,22633,Administration item,15,44.77,10/19/2023,92139,Spain
661170,22086,Would item,16,79.58,04/11/2024,91812,France
588352,71053,Almost item,10,52.03,09/12/2023,39237,Norway
397452,71053,Career item,8,67.61,12/22/2024,79690,Spain
275171,84029G,Action item,5,3.42,10/23/2024,30688,Spain
834304,22633,Start item,20,85.12,11/27/2023,33439,Germany
898262,22633,Adult item,14,88.73,02/28/2025,48196,Spain
975298,21730,Buy item,16,40.57,04/30/2025,17054,France
434731,85123A,Board item,4,78.06,10/10/2024,31684,Spain
640065,84406B,Common item,17,46.99,05/27/2025,41103,Spain
274021,71053,Again item,15,14.2,02/19/2024,20865,Finland
714121,22086,Drive item,18,59.95,08/26/2024,50113,Finland
859027,22632,Right item,17,43.25,03/24/2024,41444,Finland
716758,84406B,Information item,16,45.56,12/03/2024,75415,Spain
232666,84029E,Better item,17,48.98,08/12/2024,45599,Spain
955416,84029E,Outside item,15,8.67,11/17/2023,38526,Netherlands
286730,84029G,Executive item,9,34.25,12/26/2023,52629,Germany
344536,84406B,Individual item,5,23.89,07/06/2024,64171,France
257295,84029G,Until item,3,42.07,04/13/2024,40419,Norway
829747,22086,Husband item,15,42.16,12/04/2024,67356,Spain
468545,21730,Behavior item,13,90.58,06/13/2025,35550,United Kingdom
673941,22632,Nice item,13,48.22,12/27/2024,22131,Norway
784695,84029E,Goal item,13,85.49,07/09/2023,88321,Italy
597642,22086,List item,18,80.19,02/17/2025,97949,Spain
500930,22633,Force item,8,28.02,01/24/2024,16903,Finland
700027,85123A,Crime item,13,34.28,02/21/2024,61448,Italy
238024,84406B,Common item,15,92.03,01/01/2024,77513,United Kingdom
920082,21730,Method item,19,56.87,10/11/2023,48245,United Kingdom
350525,71053,Sister item,14,14.43,06/06/2024,13895,Finland
146698,84406B,Stand item,2,26.76,07/25/2024,60601,Norway
758342,84029G,Director item,15,33.36,08/08/2023,10933,Italy
361285,84029E,Democrat item,14,25.97,12/29/2024,45868,Germany
763920,22633,Evidence item,1,75.15,01/20/2025,61570,United Kingdom
795168,22752,Us item,8,65.36,12/21/2023,20493,United Kingdom
557282,85123A,Lot item,8,20.74,01/23/2024,56775,United Kingdom
890535,22632,Up item,5,24.62,06/04/2025,43824,Finland
671722,71053,Level item,19,94.83,10/18/2024,43663,Finland
838800,84029E,Safe item,12,17.61,10/28/2024,37651,Germany
884421,84406B,Job item,10,11.7,04/03/2024,98201,United Kingdom
816772,84029E,Factor item,19,68.06,10/11/2023,75454,Italy
662218,21730,Option item,7,8.52,11/06/2023,12060,Spain
771887,71053,Eight item,10,85.18,07/02/2024,70244,Germany
550048,22632,Sea item,2,35.37,01/15/2025,47889,Italy
854782,22752,Small item,3,51.09,03/29/2024,67793,Norway
980551,85123A,Start item,14,82.41,09/23/2023,45979,Germany
711227,21730,Book item,12,63.92,04/04/2025,50961,Finland
102565,84406B,Break item,14,18.44,11/02/2024,80482,Netherlands
373272,22632,Bill item,18,77.69,05/29/2025,68858,Finland
709517,21730,Some item,19,27.57,08/01/2024,61399,Spain
470899,71053,Strong item,9,88.28,04/13/2024,13467,Spain
472789,22633,Democratic item,19,61.42,07/31/2023,46557,Italy
905361,22752,Smile item,1,49.94,08/11/2023,17651,Norway
831750,84406B,Toward item,16,22.0,04/06/2024,11070,Netherlands
504937,22752,Keep item,9,88.15,05/02/2025,14372,Netherlands
246804,22086,Today item,1,52.15,08/02/2024,47950,Spain
109409,71053,Goal item,8,72.29,01/15/2025,31086,Finland
547583,22086,Gas item,8,69.37,06/07/2024,35690,Finland
993484,22633,Administration item,1,10.21,06/22/2023,66921,Spain
131610,21730,Reality item,8,31.31,10/23/2023,15188,Norway
493945,22633,Though item,18,53.56,04/29/2025,63326,Italy
381894,22086,Prove item,11,35.83,06/17/2025,40884,Finland
660665,84029E,Value item,10,25.89,07/22/2024,25923,Germany
553771,84029G,Administration item,11,12.84,07/06/2024,23594,France
424637,84029G,Enjoy item,7,74.12,03/03/2025,74753,Netherlands
222709,22632,Performance item,17,60.08,12/25/2024,45223,Germany
397027,84029G,View item,10,23.52,10/26/2024,55724,France
754503,84029E,Figure item,1,71.09,05/13/2025,96861,France
105160,84029E,Town item,2,97.46,04/11/2025,36765,Netherlands
182521,84406B,Go item,16,11.16,10/31/2024,82537,United Kingdom
224572,22632,Effect item,10,47.47,07/19/2023,58497,Finland
125722,22752,Some item,6,96.58,12/12/2023,18144,Netherlands
649493,22633,Professional item,4,82.39,12/05/2024,27190,Italy
121344,22633,Region item,3,58.13,08/22/2023,31816,United Kingdom
431232,84406B,Road item,5,81.3,10/31/2024,71827,Netherlands
800048,71053,Thought item,8,12.73,07/18/2023,25873,Italy
125621,22632,Movie item,20,79.28,06/07/2025,50769,Spain
261514,22086,Travel item,13,45.6,07/17/2024,61021,Finland
392749,84029E,Sit item,19,99.01,05/13/2024,67042,Netherlands
195660,22632,Move item,20,6.96,12/12/2023,90776,Germany
101720,84029G,Run item,7,27.2,04/16/2024,43182,Germany
960821,84406B,Movement item,8,18.21,04/18/2024,50704,Germany
808693,84406B,Usually item,1,41.44,06/13/2024,78076,Finland
811114,84029E,Fly item,2,23.92,08/27/2023,64621,Netherlands
550803,22633,Either item,3,69.05,08/08/2023,54984,Netherlands
186733,22632,Mean item,7,43.09,02/15/2024,48005,Spain
320501,84406B,Guess item,9,82.84,04/25/2024,38059,Germany
397426,85123A,By item,6,79.47,03/02/2025,90186,Netherlands
210601,22633,Then item,4,47.4,09/11/2024,44473,Netherlands
236516,21730,Including item,9,50.55,05/14/2024,26345,Finland
260514,22633,Boy item,3,60.21,11/05/2023,36826,Italy
342310,22752,This item,20,25.79,06/11/2024,70100,Germany
602974,84029G,Matter item,19,59.13,10/10/2024,89497,United Kingdom
790176,84029E,Instead item,19,4.98,04/01/2025,93915,France
499822,22633,Onto item,17,65.5,08/01/2023,47853,Netherlands
643753,84406B,Language item,19,44.15,05/28/2025,51310,Finland
180137,71053,Style item,16,35.45,11/10/2024,75138,Norway
226484,22752,Church item,4,85.92,04/14/2024,89168,Norway
602681,21730,Approach item,16,29.53,03/26/2024,84395,Italy
518903,22086,College item,2,46.03,08/19/2024,19159,Norway
251012,84029E,Be item,11,12.48,01/31/2024,83010,Italy
368952,22086,Develop item,1,66.11,03/20/2025,66531,Finland
621317,21730,Until item,2,19.57,07/23/2024,66640,Norway
330860,22632,Assume item,16,62.92,07/07/2023,14702,United Kingdom
945723,84029G,Hundred item,9,55.37,05/18/2024,14026,Netherlands
999981,22633,Site item,16,13.02,08/15/2024,48432,Spain
236880,84406B,Into item,10,55.53,05/04/2025,71587,Italy
334735,71053,Daughter item,8,99.23,10/06/2023,15905,Germany
289263,22633,Child item,4,65.12,06/20/2025,11954,France
872477,22633,War item,10,51.38,03/30/2025,84126,Netherlands
605405,21730,Consumer item,16,98.04,04/04/2024,92494,Spain
556785,22633,Specific item,18,15.32,01/18/2024,55441,Spain
175259,22632,Child item,17,74.88,08/14/2023,53470,France
213722,71053,Class item,9,77.49,03/16/2025,38186,Italy
286849,22752,Management item,17,27.45,06/29/2023,98812,United Kingdom
426249,84029E,Reveal item,10,83.91,02/01/2025,96208,Finland
419727,84406B,One item,15,54.32,04/14/2024,61223,Norway
917257,22752,Decision item,18,76.52,09/21/2023,99450,Italy
141059,22633,Hold item,11,87.09,08/12/2024,58515,Spain
164545,22632,Painting item,13,24.12,12/29/2024,98855,Italy
254369,85123A,Perform item,11,74.73,02/21/2024,43567,Italy
110457,21730,Agreement item,5,50.04,08/29/2024,82122,United Kingdom
572335,84406B,Produce item,17,96.57,04/20/2025,99016,Norway
297471,71053,Cost item,15,10.87,04/04/2024,99267,Finland
166047,85123A,Order item,5,41.59,01/14/2024,93171,France
775282,71053,Include item,16,78.37,08/28/2023,51629,Netherlands
392719,22752,Magazine item,20,69.58,11/26/2023,84613,Germany
710853,22752,Through item,18,38.62,01/31/2025,71236,Norway
240080,22633,How item,18,4.55,09/29/2023,95109,Germany
876770,84029G,Yard item,10,99.75,11/20/2024,29831,Germany
553425,21730,Situation item,4,76.28,01/24/2024,65791,Germany
479357,22633,Year item,6,69.71,09/15/2023,16711,United Kingdom
104569,85123A,Deal item,11,79.82,05/27/2024,52630,Netherlands
638929,22752,Money item,12,43.64,01/18/2024,88425,Spain
932629,22086,Hour item,14,57.03,01/13/2024,33159,France
434990,84406B,Happen item,6,8.82,08/30/2023,32877,Italy
818009,22632,Development item,8,50.27,07/10/2023,46927,France
940279,84029G,Away item,15,64.15,04/01/2025,75085,Finland
734678,84029E,Serious item,1,89.99,06/27/2024,81259,Finland
540723,84029E,Forward item,18,16.64,03/15/2025,38529,Finland
178799,22752,Never item,19,30.62,04/04/2025,91753,Italy
774882,84029E,Model item,15,84.69,01/16/2024,90046,Spain
429526,21730,Build item,16,11.56,01/27/2025,22089,Italy
930814,22632,Itself item,12,57.91,09/15/2023,91699,Netherlands
410332,85123A,Product item,13,28.17,01/24/2025,85871,United Kingdom
754224,22632,Argue item,16,83.45,10/20/2023,94589,Netherlands
381170,84029G,Office item,20,80.39,05/22/2025,78978,Spain
864218,84029G,Force item,20,25.81,03/18/2025,89386,France
452642,71053,Past item,2,31.58,03/03/2025,68447,Finland
184641,85123A,Page item,19,37.12,04/11/2025,27297,France
412493,71053,Degree item,10,33.35,05/20/2025,56426,Italy
406420,84406B,View item,7,14.08,09/10/2023,93594,Norway
554527,22086,Knowledge item,17,91.44,09/30/2024,29056,France
612905,84029E,Kitchen item,16,96.77,12/08/2023,53080,Netherlands
911340,22752,Administration item,4,47.36,08/02/2024,93744,Germany
490407,84406B,Show item,8,86.15,12/15/2023,83225,Italy
451939,22086,Read item,12,9.94,08/12/2024,23456,Italy
903818,85123A,Act item,9,54.12,07/13/2023,88904,Finland
638120,22752,Bad item,9,58.87,04/30/2024,32146,Norway
234151,71053,Rich item,8,47.68,10/03/2024,48907,Norway
946924,22632,Rich item,8,65.12,05/06/2024,93756,Finland
910916,84029E,Factor item,14,12.55,07/09/2023,58780,United Kingdom
867368,85123A,After item,10,99.6,08/14/2023,18223,Germany
403664,71053,Easy item,8,88.84,05/01/2024,19081,France
845601,21730,Blood item,15,37.73,01/31/2025,26085,Italy
442692,22632,Again item,5,88.66,06/16/2025,76845,Germany
821056,22633,From item,20,41.4,08/03/2024,95021,Netherlands
112379,85123A,Food item,12,22.51,04/27/2024,20157,Finland
196052,84029G,Movie item,12,10.84,02/26/2025,57671,Norway
604337,22086,Hundred item,12,6.99,10/20/2024,37155,Netherlands
149068,84029G,Guess item,4,94.95,09/15/2024,65604,Finland
547279,71053,Street item,7,64.53,06/07/2025,45604,United Kingdom
395160,85123A,Type item,11,25.11,10/26/2024,50288,France
417530,22632,Science item,7,7.79,05/24/2024,89653,Spain
499186,22632,Lose item,7,81.49,03/24/2025,51422,Spain
207351,22752,Social item,5,79.08,10/19/2023,59606,United Kingdom
156790,84029E,Simply item,5,98.77,08/23/2024,33795,Netherlands
596374,84406B,Across item,4,66.44,10/29/2024,87595,United Kingdom
547288,84406B,Pretty item,1,36.47,03/15/2025,66365,Spain
183079,22632,Far item,11,2.56,12/29/2023,98340,Netherlands
969792,85123A,Time item,5,74.43,05/10/2025,64795,Germany
170361,71053,Cell item,16,45.38,04/09/2025,14074,Norway
941789,22086,Leg item,19,11.8,12/15/2024,69741,Spain
581784,22632,Agreement item,2,73.0,10/11/2024,53844,Netherlands
779200,22633,Model item,1,7.02,07/14/2023,93453,Finland
579468,21730,Around item,14,68.92,10/13/2023,22060,Finland
288000,22633,Statement item,3,90.03,01/06/2024,58587,Norway
864814,22632,Between item,5,7.5,09/18/2024,71271,Netherlands
278130,22632,Per item,19,55.29,07/16/2023,46943,Norway
195235,21730,Brother item,20,53.53,05/19/2025,54434,Finland
820904,22086,Do item,20,43.59,04/25/2024,77698,Germany
833452,22086,Carry item,7,43.58,08/31/2024,11095,Spain
655726,21730,Without item,11,82.91,08/04/2024,24537,Italy
295492,21730,Up item,4,31.94,03/29/2024,29083,Norway
351503,84029E,Arm item,12,95.41,02/12/2024,47922,Finland
243349,71053,Everyone item,3,83.35,09/19/2023,69060,Germany
560411,21730,Strategy item,4,74.71,09/05/2024,37101,Norway
312519,84406B,Tough item,18,6.94,01/27/2024,87601,Norway
667622,71053,Subject item,14,36.01,06/10/2024,66513,Italy
679826,85123A,Tax item,10,60.44,12/20/2024,38701,Norway
548090,71053,Same item,19,51.23,08/30/2023,62098,France
473114,22633,Really item,8,84.88,03/24/2024,98339,Norway
792933,22086,Member item,12,12.37,08/18/2023,78650,Netherlands
594586,22632,Traditional item,8,80.91,03/27/2024,75048,United Kingdom
923497,22632,Doctor item,9,3.87,10/21/2023,76291,Netherlands
137436,84029E,Soon item,11,35.75,08/10/2023,96728,France
764662,84406B,Recognize item,19,66.08,03/11/2025,98047,Germany
347588,84406B,And item,1,10.08,08/22/2023,37975,Spain
336565,21730,Industry item,14,45.91,01/06/2025,29715,France
188179,22752,Eye item,10,72.44,01/18/2025,19021,Germany
222219,85123A,Reduce item,5,16.58,03/12/2025,98359,United Kingdom
902243,71053,Animal item,9,44.87,02/11/2024,38210,Italy
525821,22633,Very item,20,44.76,06/20/2025,84031,Netherlands
839283,84029G,Expect item,17,12.27,03/05/2025,12824,Italy
382307,71053,Type item,10,68.14,05/30/2024,40392,Finland
932898,22086,Same item,10,5.5,10/28/2024,77210,Italy
730400,22632,West item,2,1.76,09/30/2024,43104,Netherlands
946853,84029G,Must item,5,76.65,06/14/2024,53273,Netherlands
423299,22752,Government item,4,1.77,01/22/2025,14096,Italy
177156,84406B,Stuff item,5,38.64,10/31/2023,46803,Spain
643318,22086,Serious item,18,83.5,04/17/2025,31872,Norway
213072,71053,Heavy item,13,86.31,05/07/2024,32488,United Kingdom
916872,21730,Newspaper item,1,46.52,04/22/2024,30277,Germany
801436,22752,Watch item,19,43.5,12/11/2023,49146,Italy
224467,21730,Job item,10,12.4,02/12/2024,92472,United Kingdom
614263,22752,Name item,6,80.33,04/23/2025,36545,Finland
511294,22752,Plan item,3,44.23,01/17/2025,88446,Germany
957429,84029G,Black item,14,59.3,01/01/2024,98691,Germany
915657,21730,Surface item,10,74.83,02/22/2024,21274,Spain
781204,22752,Though item,6,8.56,03/07/2024,22023,Germany
818457,22086,Open item,17,20.2,03/10/2024,60928,Norway
472055,22752,Represent item,5,24.39,08/25/2024,57525,France
579103,84029E,Raise item,7,18.18,07/23/2024,71745,France
781449,71053,Under item,6,95.18,02/27/2025,31250,Finland
647435,22633,Follow item,19,76.23,01/18/2024,42753,Finland
943924,22632,Back item,20,33.0,05/19/2024,20763,Norway
256919,84406B,Him item,15,7.76,12/17/2024,36201,Finland
321468,84029E,Spring item,9,59.55,08/14/2024,82994,Norway
638535,22086,How item,3,31.73,08/15/2024,71621,Finland
808945,85123A,Attorney item,2,37.51,06/11/2025,26137,Netherlands
372531,71053,Team item,3,61.89,04/02/2024,89752,Italy
532004,22633,Front item,19,55.88,07/09/2023,77354,United Kingdom
323452,22633,Budget item,19,65.53,11/20/2024,74721,Norway
337226,22632,Real item,16,50.64,09/27/2024,42771,United Kingdom
909168,22633,Hear item,4,81.29,02/27/2025,22005,Norway
624909,71053,Research item,17,64.97,05/01/2025,88072,United Kingdom
717490,84029G,Table item,15,99.11,04/14/2024,11052,France
136578,22752,Change item,12,91.88,01/22/2024,75958,Italy
483752,21730,Bill item,11,68.21,04/12/2025,32718,United Kingdom
740612,22752,Assume item,3,33.64,05/18/2025,49640,Italy
316166,84029E,Go item,9,72.65,02/10/2025,18402,France
236096,22752,Magazine item,3,58.69,04/20/2025,56954,France
355938,22752,Difficult item,10,96.8,09/10/2024,95312,Italy
792378,84406B,Democrat item,20,71.17,03/31/2024,17163,Germany
856783,84029E,During item,18,38.29,07/26/2023,71162,Norway
116058,84406B,Table item,17,10.25,09/26/2024,69312,Italy
102931,22086,Data item,12,2.8,02/28/2025,41137,Netherlands
998783,84406B,This item,7,34.83,10/27/2023,90762,Finland
779567,84029G,Concern item,8,100.0,09/28/2023,31502,France
555323,71053,Not item,10,84.6,02/17/2024,96990,Germany
760811,22086,Point item,18,83.68,04/04/2024,97352,United Kingdom
594251,22752,Boy item,20,13.97,04/14/2025,17008,Italy
183620,84406B,Security item,6,18.9,01/29/2025,70745,France
840861,22633,Result item,2,41.68,10/15/2024,24371,Spain
732533,22633,Office item,20,29.21,12/18/2024,43962,Finland
378060,84029G,Structure item,18,24.68,02/01/2024,61804,Finland
974168,84029G,About item,12,68.15,03/25/2024,96389,Finland
942786,22633,Cultural item,10,78.03,08/03/2023,93386,Italy
260088,84406B,Order item,7,80.32,12/07/2024,52820,France
351405,84029E,Sort item,2,64.48,02/01/2024,18051,Norway
811647,22086,Understand item,4,71.43,01/25/2025,33985,Germany
959197,84029E,Without item,3,76.55,08/01/2024,69039,Netherlands
950812,22633,Could item,17,15.59,06/19/2024,61090,Italy
192464,71053,Interesting item,8,81.85,09/12/2023,93987,Norway
981352,85123A,City item,14,6.27,01/24/2024,25638,Norway
206503,84029G,Share item,13,99.46,10/03/2024,80005,Norway
803103,84029G,Move item,1,32.55,11/17/2024,93722,Germany
283132,22752,Mr item,5,14.62,01/03/2024,88963,Netherlands
730176,22633,East item,5,76.13,05/21/2025,18890,Finland
623727,22633,School item,20,1.52,02/27/2024,24166,Germany
319523,85123A,Save item,9,22.35,09/29/2023,11178,France
636507,22086,Worker item,20,53.25,06/14/2025,60383,Germany
797098,84029E,Put item,8,30.81,05/14/2024,80858,United Kingdom
607588,84029G,Successful item,14,64.26,04/11/2024,85670,Finland
716483,71053,Third item,4,83.83,12/01/2023,35867,Finland
384879,22632,We item,18,2.63,05/15/2025,26071,Spain
438363,84406B,Nothing item,10,43.49,04/12/2024,97293,Norway
252042,84029G,Imagine item,19,42.24,07/24/2024,87839,Germany
775461,22086,Product item,12,7.7,11/29/2023,34172,United Kingdom
994373,21730,Computer item,16,5.31,12/22/2024,65160,Italy
142036,22752,Their item,9,74.98,12/02/2023,56009,Norway
771947,71053,Establish item,12,24.87,05/21/2025,34080,Germany
747696,22632,Put item,11,14.21,08/01/2023,40080,Norway
442556,22086,Vote item,11,81.54,12/23/2023,50363,France
341179,22633,Truth item,16,63.54,12/19/2024,77088,France
228911,71053,Point item,15,4.66,08/27/2024,30490,Spain
947303,85123A,Prevent item,7,88.69,09/12/2023,88105,Norway
759722,84029E,Door item,17,40.42,01/26/2024,95401,Finland
500925,84029E,Treatment item,2,75.58,12/11/2023,12025,Spain
428379,84029E,Off item,12,86.35,12/28/2023,66340,United Kingdom
630123,22752,Often item,9,13.32,01/05/2025,53675,Norway
113824,21730,General item,13,74.59,11/25/2023,52578,Italy
841110,22752,Plan item,6,50.12,03/26/2024,28421,Finland
508931,22752,Positive item,17,27.41,12/30/2024,63157,Germany
945276,21730,Tonight item,3,43.63,08/12/2024,41905,France
680394,22086,But item,10,32.8,01/17/2025,69421,Germany
759427,22752,Generation item,10,31.34,08/04/2023,26707,Italy
172333,84406B,Wall item,15,35.8,03/09/2024,93046,United Kingdom
645501,22752,Want item,20,99.82,12/08/2024,34413,Netherlands
916490,85123A,Rich item,3,67.45,08/30/2023,69715,Italy
603770,22752,Military item,17,80.31,11/11/2023,26613,France
182762,85123A,Prepare item,5,85.02,09/11/2023,38184,Finland
545621,85123A,Character item,5,7.66,12/01/2024,90765,Norway
112766,22752,With item,13,95.0,08/05/2023,63570,United Kingdom
947712,22632,Soon item,5,68.23,10/02/2024,51955,Norway
363878,22752,Both item,15,76.55,05/10/2025,78610,France
699280,22086,Ok item,12,40.41,06/22/2024,79319,Netherlands
530930,84029G,Though item,4,3.57,11/13/2023,94831,France
492985,22633,Pull item,17,39.31,08/11/2023,77781,Germany
377447,84029E,Consider item,9,70.7,02/02/2025,41186,Spain
154639,22632,Line item,10,69.7,02/07/2025,44510,Finland
298187,84029G,Vote item,4,14.44,11/28/2023,22079,Germany
798127,22633,Husband item,6,89.97,09/12/2023,24336,Finland
239840,71053,Small item,11,67.12,01/10/2025,89403,Germany
961638,22086,Once item,18,29.75,07/27/2023,11291,Netherlands
801339,84406B,Really item,6,79.58,06/27/2023,43900,Spain
296279,71053,Across item,7,79.41,05/16/2025,59085,Spain
991840,22633,Issue item,1,36.73,07/13/2024,26647,Norway
716550,22633,Station item,18,13.85,09/28/2024,99858,Germany
384901,71053,Star item,10,40.42,03/30/2025,38074,Finland
701482,22086,Discover item,14,77.15,06/05/2025,82110,Germany
808924,84406B,Heart item,11,64.59,08/23/2023,49262,Finland
821837,22633,Impact item,17,35.11,07/03/2023,10111,France
217717,84406B,Feeling item,14,50.78,05/06/2024,94744,United Kingdom
199807,71053,Computer item,17,16.15,10/17/2024,87247,France
981629,84406B,Protect item,11,93.54,11/14/2024,14912,Spain
245176,22752,Film item,17,89.6,04/27/2025,74827,Germany
442700,84029E,Job item,7,63.87,10/05/2024,28286,Netherlands
613705,84406B,Modern item,10,61.83,01/29/2024,49553,Germany
526180,22086,Whose item,6,59.59,05/23/2024,14664,France
617866,84406B,Under item,20,72.34,12/26/2023,46417,Norway
661436,22632,Other item,2,82.7,03/10/2024,34174,United Kingdom
300022,71053,Choose item,2,94.91,11/27/2024,27330,Netherlands
282784,84029G,Big item,19,42.24,08/16/2024,75990,United Kingdom
452968,22633,Onto item,18,29.68,10/07/2023,44151,Netherlands
313993,22633,Thought item,8,80.66,01/26/2024,16060,Italy
570786,84029E,Manage item,15,8.22,05/08/2024,56634,United Kingdom
895732,84406B,Church item,15,42.15,07/17/2024,68457,Finland
879522,84029G,Including item,11,61.06,03/25/2024,69907,Norway
851061,22752,News item,12,97.56,03/09/2024,21699,France
121769,22752,High item,17,56.6,12/08/2023,46684,Norway
964839,84029G,Up item,15,13.13,07/17/2024,92985,Finland
972169,84029G,Business item,5,10.58,05/27/2025,28297,Netherlands
281717,21730,South item,20,42.4,07/29/2024,74218,France
674515,22752,Travel item,19,72.39,04/19/2025,46992,Spain
119253,84406B,Through item,16,99.6,08/09/2023,22941,Finland
452750,22633,Mean item,10,50.24,07/17/2023,12137,Germany
443397,21730,Amount item,17,46.27,02/19/2025,98431,Spain
655543,84029G,Piece item,19,35.94,01/12/2024,84029,United Kingdom
683200,84029E,Power item,16,60.15,11/19/2024,74626,Finland
805477,84029E,Add item,18,1.81,01/07/2025,68018,Germany
719876,21730,Blue item,5,88.36,01/19/2025,86563,Norway
954631,21730,Part item,12,5.48,12/31/2023,57261,United Kingdom
329901,22632,Safe item,18,20.27,01/17/2025,37351,Netherlands
975286,71053,Meet item,13,50.92,11/13/2023,52290,Netherlands
175418,22632,Meeting item,20,12.76,01/11/2024,23298,Germany
229020,21730,Its item,12,79.69,02/28/2024,76044,Norway
374647,22086,Behind item,12,75.74,01/24/2025,42655,Spain
774291,22632,Life item,17,40.74,08/29/2023,56139,United Kingdom
394408,85123A,Television item,2,14.57,01/02/2024,63720,Norway
944264,22633,Visit item,17,46.24,05/17/2024,90881,France
806038,22752,Team item,20,32.53,06/27/2024,18165,Italy
113925,22632,View item,10,59.78,03/08/2024,23533,Finland
282430,22632,Law item,10,48.01,07/06/2023,78454,United Kingdom
888050,22752,Game item,11,67.71,10/06/2024,47894,Italy
246259,22632,Get item,10,79.88,11/15/2023,15529,United Kingdom
789254,22632,Become item,16,27.29,04/20/2025,80407,Spain
452823,85123A,Happen item,19,48.56,06/14/2024,53954,Italy
746350,84406B,Cold item,8,4.13,09/25/2023,70270,Germany
867768,84029G,Short item,1,44.66,02/16/2024,97969,Italy
933027,84406B,Reduce item,14,69.36,04/08/2024,69324,Italy
162340,22086,Economy item,20,92.13,08/25/2023,75717,United Kingdom
238249,84406B,Want item,17,21.53,01/29/2025,76696,Norway
189058,22633,Yourself item,17,38.31,10/19/2024,57798,France
904397,22633,Summer item,18,34.89,08/13/2024,98065,Norway
191203,84029E,Every item,20,48.93,04/18/2025,94163,Spain
751043,84029E,Draw item,18,30.55,09/10/2023,28166,Netherlands
882340,84029E,Must item,7,69.33,09/27/2023,30963,Finland
849369,22752,Blue item,16,35.53,07/04/2024,17664,Netherlands
541537,84029E,Condition item,4,57.77,11/05/2023,11648,Italy
622099,21730,Notice item,12,95.51,09/20/2024,77497,France
287763,84029E,Congress item,2,29.48,08/25/2024,35722,Germany
575947,22752,His item,15,65.94,07/25/2024,74805,Finland
729609,84029G,Again item,7,82.97,06/11/2025,98131,Netherlands
967915,22086,Population item,9,14.59,01/06/2025,52706,Spain
596838,84029G,Important item,2,67.31,11/24/2024,56415,Spain
796623,84029G,Single item,2,10.92,12/11/2023,64165,Norway
465676,22633,Party item,4,68.44,12/29/2023,87316,France
497167,85123A,Them item,18,97.81,04/05/2025,58471,France
343803,21730,Him item,16,48.27,03/17/2024,90910,Spain
724604,84029E,Protect item,11,29.26,04/07/2024,21668,United Kingdom
767940,71053,Peace item,19,23.99,12/22/2024,99740,United Kingdom
420984,84406B,Present item,14,88.34,05/05/2025,51327,France
440007,85123A,Their item,13,79.01,04/08/2024,39269,France
337322,84029E,Environmental item,2,1.92,03/14/2024,61881,Germany
830736,22752,Involve item,10,45.98,07/16/2023,53646,Finland
462979,84406B,Option item,17,47.33,07/30/2024,56884,Spain
767127,71053,Watch item,11,17.09,05/07/2025,34580,Finland
659457,84029E,Eight item,6,2.39,08/27/2023,42969,Norway
688607,84029E,Down item,19,67.77,09/14/2024,12412,Spain
576518,84406B,Avoid item,20,85.76,10/11/2023,56303,Italy
600205,21730,However item,17,33.46,11/04/2024,87136,Italy
787410,71053,System item,6,98.19,10/24/2023,99717,Finland
542400,22752,Example item,8,1.68,11/03/2024,84606,Italy
248469,84029G,Break item,15,75.62,02/26/2024,41089,Norway
905474,84029E,Where item,19,72.57,06/07/2024,52640,United Kingdom
643261,84029E,Prevent item,12,69.58,10/31/2024,77244,United Kingdom
427262,71053,Will item,15,31.37,11/26/2024,98651,Italy
244986,22086,Control item,10,69.34,08/25/2023,43468,Netherlands
974524,22752,Field item,20,22.86,07/11/2024,66076,France
568356,22633,Fact item,5,46.04,06/09/2024,98843,Norway
409031,21730,Contain item,18,91.37,11/29/2023,61426,Spain
514254,84029G,Likely item,20,87.44,10/13/2023,63612,Germany
878081,22086,Degree item,15,53.29,04/05/2025,64500,Norway
408838,71053,Poor item,19,12.11,08/09/2024,17410,Spain
951863,22632,Level item,18,15.84,06/17/2024,55305,Norway
998450,22086,Prevent item,15,12.51,04/11/2025,29575,Spain
203359,22632,Final item,16,10.0,11/18/2023,92863,Finland
835921,85123A,Recognize item,15,14.06,08/15/2023,55626,Italy
735337,22633,Firm item,19,6.72,09/06/2024,62115,Finland
253362,84029E,Lawyer item,1,40.2,03/30/2025,57914,United Kingdom
656864,84029G,Together item,19,8.23,01/14/2024,21937,Italy
233818,22752,None item,3,54.58,05/16/2025,47840,United Kingdom
190370,71053,Democrat item,16,4.14,03/13/2024,29579,Italy
304504,84406B,Become item,5,76.82,08/05/2023,17521,Italy
280745,22752,Decade item,13,45.41,08/20/2023,84462,Italy
989634,21730,Month item,3,68.59,06/20/2024,12281,France
640653,22752,Military item,4,18.67,09/03/2024,95468,Italy
572806,22086,Kind item,5,73.06,11/04/2024,48458,Spain
423208,85123A,Indicate item,1,97.87,06/11/2024,20002,Finland
657121,22086,Must item,14,53.66,11/21/2024,72844,Spain
589109,84029G,Marriage item,15,35.27,05/28/2025,68774,Netherlands
423820,84029G,Country item,4,4.19,05/21/2024,37792,Italy
705363,22632,Hit item,1,24.83,04/21/2024,73773,Germany
612845,71053,Discuss item,20,4.32,03/24/2025,59895,United Kingdom
307200,84029G,Whose item,2,40.82,01/16/2025,75330,Spain
253928,22086,At item,7,75.68,09/05/2024,98569,United Kingdom
242784,84406B,Also item,17,99.35,03/02/2025,54023,Spain
313185,22632,Exactly item,11,58.17,06/24/2024,57723,Norway
321275,84029G,Who item,10,87.75,12/13/2024,32471,Spain
865557,21730,Difference item,10,28.24,03/14/2024,15025,France
458199,21730,Black item,18,50.07,06/25/2023,87385,Norway
431891,21730,Across item,17,32.55,02/04/2025,80540,Italy
761516,21730,Gun item,5,30.69,08/14/2024,99402,France
853434,22086,Today item,16,24.86,11/13/2023,74573,Spain
898482,84029E,Record item,5,80.77,08/29/2023,24713,United Kingdom
783307,22086,Continue item,14,96.81,07/11/2023,57453,France
492207,21730,Ask item,8,26.24,06/23/2024,50352,Norway
555337,71053,Option item,15,84.87,10/11/2023,73782,Germany
855090,22086,Father item,7,6.1,02/15/2025,24706,Italy
244652,22632,Describe item,20,4.92,09/07/2024,19518,Germany
645902,84029G,Into item,19,72.71,05/09/2025,38372,Spain
957961,22633,Production item,7,87.08,04/01/2025,99222,Norway
186460,84029E,Run item,1,21.97,01/17/2025,30879,Spain
218072,71053,Market item,16,91.53,09/27/2023,50451,Spain
401809,21730,Other item,8,55.66,01/20/2024,58749,Netherlands
721330,21730,Tonight item,15,53.83,08/29/2024,99386,Norway
129907,84029E,Mrs item,9,36.6,10/08/2023,96435,Finland
437074,22633,Law item,4,80.48,11/19/2023,70881,Finland
483144,22752,Father item,7,37.7,10/07/2024,19203,Italy
859132,85123A,Sing item,19,86.54,01/31/2025,56057,France
558678,85123A,Type item,9,55.78,02/25/2025,11394,Italy
846099,84029E,Also item,5,20.42,08/18/2023,67768,Spain
466386,21730,Trade item,19,83.5,05/26/2024,90795,Finland
433605,22086,Big item,11,26.48,11/25/2023,49228,Finland
841779,22633,Sign item,15,17.66,05/14/2025,11353,Norway
737089,84406B,Concern item,5,72.31,12/09/2023,49092,Finland
660104,84406B,Fill item,18,99.04,08/06/2024,70685,United Kingdom
531028,22086,Prevent item,2,84.07,08/05/2023,39102,Germany
770135,85123A,Drug item,1,41.83,07/30/2024,92543,Spain
143993,71053,Reduce item,5,1.91,05/24/2024,43388,Finland
722516,22752,Natural item,2,62.17,06/08/2025,37168,Finland
539365,22633,Official item,1,1.65,10/15/2023,90547,Italy
588483,85123A,Protect item,1,53.41,10/04/2023,40405,Netherlands
988042,22086,Argue item,10,2.7,09/03/2024,45082,Italy
599458,84406B,Billion item,4,91.89,06/05/2024,73451,France
103153,84029G,Home item,7,62.36,03/03/2025,85127,Netherlands
321080,22752,Training item,9,79.7,05/03/2024,47106,Germany
706771,22752,Consumer item,13,46.44,10/29/2023,48174,Spain
391884,84029G,Simply item,10,68.72,11/11/2024,42819,Germany
495791,85123A,Fine item,3,41.12,08/18/2023,12091,Italy
695848,22086,Including item,16,6.56,12/15/2024,78272,United Kingdom
369475,84406B,Every item,3,50.49,10/11/2024,25585,Italy
437319,22752,Like item,19,97.76,02/05/2025,47670,Germany
926513,22086,Serious item,2,23.75,08/09/2023,84002,Finland
227757,84029E,Get item,2,92.49,01/07/2024,33284,Netherlands
749808,22086,Push item,19,66.15,02/03/2025,21082,France
160964,22752,Hotel item,1,96.19,02/04/2025,46723,France
392948,21730,Mouth item,3,30.63,06/18/2025,37569,Spain
294967,22632,Yet item,13,68.03,08/22/2023,84172,Norway
949653,21730,Hair item,5,79.26,04/06/2025,76423,Germany
872979,22086,Account item,12,6.32,04/07/2025,62790,Italy
758763,84029G,Have item,3,34.72,06/14/2024,53111,Italy
784230,22752,To item,1,63.78,02/28/2024,58129,Finland
771866,22633,Game item,8,36.23,08/03/2023,18312,Italy
592554,21730,Almost item,6,68.29,10/18/2024,71168,Italy
474567,71053,Court item,20,30.24,12/25/2023,40101,Spain
165067,71053,House item,3,27.53,12/02/2023,13415,Italy
412175,84406B,Ever item,13,32.35,04/18/2025,48201,Germany
721839,71053,Sport item,1,94.35,04/19/2024,67931,Finland
711786,22752,Environmental item,9,11.12,10/08/2024,89789,Germany
229627,84406B,Wonder item,14,45.44,03/19/2025,98382,Italy
178785,71053,Foreign item,1,9.87,04/10/2024,21760,Germany
158870,22632,Newspaper item,20,78.66,09/11/2024,39847,Italy
741798,85123A,Near item,10,41.97,06/07/2025,51045,Germany
120698,22086,Around item,8,57.62,09/03/2023,55881,France
322796,21730,Control item,6,14.75,07/14/2023,96334,Netherlands
359212,84029E,Medical item,16,15.45,11/02/2023,29530,France
150637,21730,Improve item,9,42.69,08/29/2023,34451,Finland
752848,71053,Sing item,12,25.92,01/21/2025,94857,Spain
826206,22633,Stay item,20,62.05,06/09/2024,81663,Finland
673263,71053,Writer item,5,31.16,05/30/2024,37958,Italy
845219,22752,Material item,20,38.61,11/28/2024,94363,Norway
195211,22633,Might item,11,43.63,12/11/2023,90987,France
516884,84029E,Suffer item,11,60.72,03/06/2024,33883,Spain
862413,22633,Firm item,11,18.59,11/08/2024,21890,Italy
111869,22752,As item,10,73.75,09/13/2024,85176,Finland
763042,22632,Lay item,8,33.26,06/07/2025,75051,Netherlands
713094,21730,Either item,12,12.27,12/13/2023,32416,Spain
420031,22632,Under item,18,18.81,01/22/2025,44030,United Kingdom
617392,22633,Artist item,7,44.41,11/20/2024,47724,Netherlands
939072,71053,Important item,14,67.62,09/20/2024,90648,France
705360,84029E,Bring item,8,26.02,07/29/2023,70826,France
369882,21730,Tough item,13,8.32,07/22/2023,84487,Finland
644036,22632,President item,13,53.9,09/24/2023,10907,Italy
458738,22086,Major item,2,79.28,02/26/2025,99252,Norway
554360,22086,Age item,20,64.18,06/22/2024,51062,Germany
637382,71053,Join item,8,66.1,04/12/2024,58554,Norway
966412,84406B,Bag item,20,5.39,12/28/2024,16457,Italy
888816,22752,Without item,14,11.49,03/29/2025,55045,Germany
996431,84029E,Security item,8,51.56,03/06/2024,36859,Spain
286629,22633,Friend item,12,39.72,10/10/2023,95527,France
547413,22752,Building item,1,48.79,03/24/2025,96831,Netherlands
373497,21730,Work item,3,12.49,02/08/2025,49190,France
617687,22752,Above item,10,34.96,06/20/2024,22266,Spain
827913,22086,Project item,16,35.48,01/21/2025,58520,Germany
782012,22633,Degree item,15,32.57,11/20/2023,92113,Netherlands
318012,85123A,Cause item,4,3.24,09/09/2023,59373,Norway
748308,71053,Education item,6,93.06,03/15/2024,77091,Spain
381342,22086,Hot item,6,55.64,09/09/2023,95669,Norway
151539,22086,Way item,14,95.89,01/23/2025,75727,Spain
926118,21730,Sit item,6,19.45,04/07/2024,52862,Italy
907605,21730,Such item,1,74.0,10/14/2024,26906,Spain
160399,22633,Good item,19,43.53,10/08/2024,17645,United Kingdom
691212,84029G,Across item,7,28.56,07/19/2024,74074,Germany
807521,22632,Every item,4,80.15,10/01/2024,86017,France
186087,22752,Nice item,11,20.51,10/05/2023,49251,Germany
590786,84029E,Drive item,16,53.24,07/08/2023,98893,Norway
974710,22632,Dream item,13,61.52,03/03/2024,22698,Germany
735359,22752,On item,12,84.71,10/08/2024,91272,France
669242,84029E,Politics item,20,59.43,07/26/2024,61817,France
371810,22752,Leave item,4,24.62,12/27/2023,19505,Germany
102270,84406B,Wind item,12,69.65,05/20/2024,55312,Italy
446554,21730,Summer item,20,14.65,07/13/2024,72952,Italy
379298,21730,Then item,6,49.18,11/09/2024,10348,France
563041,22086,Cup item,6,49.47,05/17/2025,29908,France
814398,84406B,Positive item,11,84.36,11/22/2023,10979,United Kingdom
761281,22752,Mr item,1,48.98,05/23/2024,98398,Spain
147423,21730,Nice item,18,51.04,07/23/2023,79795,Finland
357188,21730,Page item,16,42.15,10/05/2023,88129,Finland
887057,22633,Early item,6,9.18,01/18/2025,65193,United Kingdom
533563,84029G,Use item,10,4.24,03/23/2025,10138,Spain
440708,22086,Specific item,10,17.65,05/27/2025,53928,Finland
720890,22632,Executive item,16,55.42,11/21/2024,18071,Germany
544768,22632,Card item,4,27.52,03/29/2024,17023,Norway
358297,22086,Movie item,2,76.24,04/07/2024,27726,Finland
196219,22086,Detail item,7,98.99,07/20/2023,21840,Germany
118351,84029G,Above item,10,87.61,06/08/2025,75870,United Kingdom
403943,22633,Bank item,9,35.51,03/07/2024,51566,Germany
979972,22633,Shake item,4,77.79,10/15/2024,73144,Spain
148566,84029G,Writer item,19,69.22,03/28/2025,60677,Italy
730200,84406B,Anything item,20,14.78,06/07/2024,66184,Spain
165323,84029G,Television item,2,57.44,04/15/2025,68760,Netherlands
979553,22632,Could item,18,17.67,09/02/2024,17045,Netherlands
642310,84029E,Tv item,19,27.47,06/18/2025,14904,Germany
317582,84406B,Serious item,14,91.96,02/06/2024,89577,Netherlands
144964,84406B,Hour item,5,25.72,06/12/2024,32409,Norway
869068,84029G,Not item,13,49.46,08/22/2024,49987,Netherlands
983776,21730,Own item,13,45.75,10/19/2023,31136,Germany
702353,21730,Truth item,17,75.23,05/13/2024,46577,Norway
507521,22633,Four item,16,33.4,01/24/2025,28377,United Kingdom
168671,71053,Clearly item,15,63.85,07/08/2024,77285,Norway
933477,71053,Local item,18,40.37,01/15/2025,20675,Italy
930157,84029G,Task item,16,27.59,04/27/2024,81045,Netherlands
881148,22752,Yard item,18,58.22,05/21/2024,32152,Finland
271004,22752,Recently item,2,5.55,12/02/2024,66036,Finland
318052,85123A,Arrive item,4,93.01,08/12/2023,87280,France
130763,22633,Situation item,15,1.07,04/26/2025,86174,Italy
554093,84029G,Very item,5,88.33,06/05/2025,93289,Netherlands
208414,84406B,Especially item,9,10.24,01/25/2025,43947,Norway
904594,84029E,Bank item,3,37.81,07/11/2023,27013,France
705872,85123A,Way item,13,62.93,05/27/2024,51600,Spain
346499,21730,Close item,3,70.67,07/06/2023,70313,United Kingdom
317902,84029G,Authority item,16,8.72,08/18/2024,36629,Spain
220468,22086,Travel item,15,1.92,03/07/2024,69654,Norway
961584,71053,Drop item,14,69.71,11/03/2024,41136,Finland
469228,71053,What item,8,38.92,04/13/2025,29633,Germany
646943,71053,Spend item,11,37.39,06/21/2024,78352,Netherlands
932324,84406B,Customer item,13,77.57,08/28/2023,25812,France
676537,84406B,Different item,3,53.52,01/29/2025,60579,United Kingdom
689285,22632,Wife item,6,44.57,12/19/2024,92762,Spain
965275,84406B,Maybe item,14,61.99,06/29/2024,96717,Finland
230306,84029G,Indeed item,3,89.76,05/08/2024,71962,France
795631,71053,Shoulder item,19,73.27,04/12/2025,65648,Norway
794789,21730,Add item,11,79.32,05/31/2024,73836,Spain
108547,84029E,Center item,3,25.57,09/06/2024,29486,Netherlands
260617,85123A,Amount item,10,21.34,01/01/2024,46128,Spain
432716,21730,Family item,10,64.97,11/10/2024,92627,Spain
483128,22633,Easy item,13,12.16,06/24/2024,85492,Finland
738182,22632,Pattern item,3,53.3,11/17/2024,49648,United Kingdom
139255,22752,Represent item,11,14.07,07/26/2023,67580,Italy
857310,22752,Thus item,18,68.61,11/09/2023,10506,Finland
791827,71053,Six item,1,59.15,10/14/2024,93031,United Kingdom
287137,84029E,Price item,7,4.94,02/25/2024,29334,United Kingdom
197070,21730,Factor item,17,29.36,01/21/2024,21562,Italy
232191,21730,Least item,13,9.16,11/06/2024,20770,France
395408,84029E,Everyone item,3,31.68,06/01/2025,30300,Spain
816375,84406B,Final item,18,33.35,10/17/2024,82334,Germany
632931,84029E,Show item,14,73.27,11/24/2023,25015,Spain
617615,85123A,Themselves item,8,9.54,08/24/2023,65686,Italy
267163,71053,Effort item,15,61.62,08/18/2023,97215,United Kingdom
924882,84029E,Under item,6,12.82,06/27/2023,11443,France
260249,85123A,Full item,6,50.14,11/01/2023,48761,Norway
181765,22086,Wear item,17,78.52,05/14/2025,61089,Netherlands
272738,84406B,Coach item,12,13.57,02/12/2025,35148,Netherlands
597027,71053,New item,1,34.17,05/27/2025,70319,Italy
121582,84029E,Leave item,17,7.32,06/20/2025,57443,Germany
348310,22633,Worry item,15,51.57,12/28/2023,45801,United Kingdom
784891,22633,Tough item,19,17.52,02/03/2025,20477,France
570990,84029E,Truth item,4,89.53,01/02/2024,15220,Germany
440248,84029G,Cover item,17,1.25,06/03/2025,26954,United Kingdom
520291,84029G,Could item,2,47.7,08/22/2023,59162,Italy
570267,84406B,Buy item,6,93.18,09/28/2024,16917,United Kingdom
847356,22086,Pretty item,14,23.23,04/11/2024,57154,Spain
924730,21730,Tree item,11,27.85,03/06/2025,84517,Germany
914980,22632,Movement item,12,12.82,04/01/2025,66966,United Kingdom
495725,84406B,Explain item,8,80.63,07/11/2023,64848,United Kingdom
119614,21730,Price item,3,87.82,12/25/2024,27408,Netherlands
348189,84029E,Return item,11,9.55,01/17/2024,25070,Finland
392535,85123A,Music item,12,20.87,10/26/2024,21250,Netherlands
747588,22632,Guy item,8,46.93,10/28/2024,93804,Finland
704766,84029G,Environment item,18,76.29,12/22/2023,20260,Spain
719828,84406B,Follow item,1,93.31,09/17/2023,82085,United Kingdom
543237,84029G,Simple item,18,35.3,03/18/2025,89191,United Kingdom
480822,22752,Yet item,1,76.13,01/19/2025,57323,Italy
515455,84029E,Speak item,4,21.31,04/16/2024,69923,Spain
420424,21730,Us item,16,96.16,05/22/2024,44590,France
447470,84029E,Middle item,3,5.35,01/30/2024,59854,Spain
931209,22086,Western item,14,70.38,07/18/2024,48696,Norway
221989,22633,Eat item,3,58.5,05/20/2025,69038,France
830889,21730,Spend item,3,59.6,12/02/2023,36544,United Kingdom
695773,21730,Teach item,5,24.44,05/12/2024,32694,Netherlands
496416,22752,Movement item,13,70.37,08/23/2024,49029,Norway
823918,22752,Thing item,15,27.92,06/03/2025,10355,Germany
592592,84029G,Get item,5,78.21,07/04/2024,86931,Germany
693426,84406B,Security item,4,17.27,12/11/2023,43410,Finland
784788,22752,Yes item,14,12.95,04/04/2025,57771,Norway
554055,84029G,Bring item,15,31.52,07/10/2023,79500,Netherlands
155487,71053,Conference item,3,16.6,03/26/2025,12523,Netherlands
505854,22632,Education item,2,22.29,10/14/2023,49802,Norway
571844,84406B,Class item,3,71.4,08/22/2023,88613,Norway
934610,21730,Decision item,17,5.85,06/13/2025,42107,Netherlands
582959,84029E,Sign item,6,4.08,09/29/2024,14629,Italy
610929,22633,Someone item,18,75.06,08/13/2024,56090,Spain
157169,71053,Call item,15,11.09,12/21/2023,98732,France
893432,71053,Scene item,1,7.11,08/18/2023,64168,Spain
102616,84406B,Rather item,7,82.54,02/01/2025,39235,Norway
765570,71053,From item,19,59.03,09/21/2024,44463,Germany
281988,85123A,Attack item,3,20.58,01/01/2024,16436,Finland
322653,84406B,Toward item,3,90.6,09/13/2023,59245,Norway
415068,71053,Huge item,2,94.29,10/25/2023,76527,United Kingdom
649380,84406B,Bring item,19,43.88,07/17/2024,98328,Italy
793141,22633,Southern item,1,38.89,10/04/2024,23777,Italy
581480,84406B,Military item,12,22.26,11/29/2023,25407,France
196416,84029E,Medical item,9,45.16,08/10/2024,23856,France
721305,85123A,Down item,20,62.3,11/11/2024,45800,Spain
637916,84029E,Artist item,16,41.79,08/20/2023,32720,Finland
342340,85123A,Wait item,3,28.7,06/05/2025,70502,France
987879,21730,Party item,7,64.62,05/21/2025,14595,Spain
114166,22086,Democrat item,1,98.95,01/07/2024,60054,Norway
145237,22633,Already item,18,78.36,04/22/2024,58262,Norway
584371,22632,Party item,17,32.84,10/13/2024,57681,Netherlands
359891,84406B,Change item,1,32.57,06/13/2025,92690,Spain
799063,85123A,Pattern item,9,6.8,07/28/2024,77765,Finland
184323,22086,Get item,12,76.92,11/08/2023,86946,Spain
614069,84406B,Area item,4,25.54,03/20/2024,84257,Spain
234853,84029E,Method item,18,81.81,04/12/2025,42475,United Kingdom
545338,84029G,Do item,19,84.8,07/28/2023,99443,Italy
418182,22752,Rather item,6,18.43,09/07/2023,25185,Norway
533000,22752,Mouth item,19,3.79,05/10/2025,47503,Norway
981373,22632,Mind item,19,15.07,05/26/2024,58514,Spain
694268,22633,Experience item,18,31.6,08/29/2023,85327,Finland
726734,85123A,Involve item,3,6.56,02/25/2024,99511,Spain
836975,85123A,Somebody item,17,48.32,02/04/2025,16553,Norway
553619,22632,Draw item,7,80.84,10/13/2023,50662,Norway
989559,84406B,Court item,11,6.9,03/31/2025,47534,France
390165,22632,Reality item,5,77.66,06/05/2025,35647,Norway
801909,71053,Total item,12,70.75,11/08/2023,87864,Italy
870885,22632,Less item,4,34.32,01/08/2024,87193,Norway
668711,84406B,Himself item,6,73.5,08/07/2023,76974,Italy
529080,22633,Artist item,11,18.25,12/02/2024,78005,Norway
522895,84029G,Economy item,19,81.63,03/12/2025,25339,Italy
511880,84029E,Role item,10,13.61,03/17/2024,38964,United Kingdom
916415,22632,Bad item,13,85.22,04/04/2025,42312,United Kingdom
998771,84406B,Item item,20,32.5,09/22/2024,28464,Spain
668760,22632,Drug item,4,93.73,05/12/2024,76138,France
901364,22752,Yet item,3,24.56,08/21/2024,51373,Norway
108807,84406B,Spend item,3,82.34,06/20/2025,91499,Norway
739374,22633,Rest item,1,27.26,06/30/2024,82009,Spain
442760,71053,Practice item,12,26.41,05/29/2024,12889,Germany
456436,85123A,Improve item,2,39.21,03/21/2024,32566,Italy
454935,84406B,Heavy item,14,49.82,06/20/2024,70082,Italy
367098,22752,Might item,18,38.16,07/05/2023,81538,Finland
185551,22632,Between item,8,17.1,12/20/2024,40605,Germany
255348,85123A,Turn item,10,2.99,04/17/2024,42387,Netherlands
770492,71053,Idea item,3,34.84,06/29/2024,22943,Italy
588553,84406B,Four item,3,55.16,05/11/2025,18565,Germany
744918,22752,Example item,20,98.54,11/11/2023,39265,Finland
729124,85123A,Major item,14,94.3,06/19/2025,81730,France
314399,22632,Wear item,14,16.55,09/15/2024,48799,Germany
462240,22752,Make item,7,97.47,06/12/2024,31372,Italy
382602,22086,Floor item,18,27.26,12/10/2023,77280,Netherlands
619812,84029E,National item,8,10.5,05/01/2025,14728,Italy
654441,22632,Throughout item,18,84.15,10/02/2023,50119,France
742055,85123A,Expert item,12,1.38,03/30/2025,45548,Germany
195880,84029E,End item,20,48.55,07/22/2023,78026,Germany
301068,85123A,Deal item,7,17.91,02/19/2025,18897,Netherlands
802989,71053,Guess item,16,84.53,01/28/2024,45525,Netherlands
749049,21730,Game item,16,49.42,08/20/2023,57301,Netherlands
191258,71053,Safe item,18,39.37,06/19/2025,20769,Norway
605977,21730,Something item,12,19.47,03/10/2024,48689,United Kingdom
933348,84029E,Throughout item,15,47.04,02/23/2025,97001,Spain
481004,84029E,Beyond item,19,7.1,01/05/2024,45904,Germany
641786,71053,Type item,12,81.01,06/21/2025,69680,Italy
474804,22632,Watch item,8,55.81,04/25/2025,88591,Italy
991281,22086,From item,14,96.6,05/21/2025,58806,Finland
335104,22632,Local item,8,48.15,05/25/2024,42566,Germany
338565,21730,Reality item,2,50.71,06/08/2024,13520,France
254741,71053,Research item,15,18.12,09/08/2023,63990,France
463610,84029G,Language item,7,13.49,09/21/2024,89737,Italy
570701,71053,Allow item,14,20.99,05/06/2024,67478,France
317921,22632,Party item,9,32.66,12/12/2023,17093,Germany
406304,71053,Long item,13,56.08,08/11/2023,31566,Norway
217186,84029E,Shoulder item,17,46.36,03/23/2024,58719,United Kingdom
721513,22632,Us item,19,52.73,10/20/2024,63124,Italy
662882,71053,Relate item,14,15.81,02/12/2025,92846,Germany
775876,71053,Hour item,19,78.17,06/12/2024,95996,Netherlands
544146,22086,Simple item,12,87.91,05/17/2024,98108,Netherlands
764690,21730,Travel item,16,57.63,08/20/2023,24164,Finland
409236,85123A,All item,6,28.27,12/25/2024,17241,France
585845,22632,Easy item,20,68.4,07/18/2023,57651,Italy
258818,85123A,Production item,13,89.07,05/08/2024,43643,Norway
145391,84029G,First item,2,74.83,01/09/2024,23237,Netherlands
810588,22752,Option item,1,34.45,08/07/2024,82697,Netherlands
677006,84029E,Produce item,9,84.44,10/11/2023,63333,Germany
121876,84029G,Amount item,5,30.75,05/22/2024,83935,Finland
350404,22752,Natural item,9,73.15,07/16/2023,35248,Germany
619890,84029G,Bill item,15,21.93,05/10/2025,23061,Italy
731699,22633,Life item,17,86.85,12/23/2023,55236,United Kingdom
707103,22086,World item,6,7.5,10/22/2024,34921,Italy
263970,84406B,Rather item,17,88.05,05/28/2025,88612,United Kingdom
340487,84406B,Story item,7,87.64,05/12/2024,62403,Spain
802909,85123A,Year item,8,4.27,11/12/2023,35305,United Kingdom
942937,22752,Read item,7,28.12,10/08/2023,61334,Finland
167962,22086,Arrive item,13,63.91,12/22/2024,20767,Germany
593709,85123A,Arm item,8,37.87,01/10/2024,15080,Finland
791506,84406B,Believe item,16,59.1,08/28/2023,34326,Norway
348619,22752,Organization item,6,83.93,04/20/2025,38612,Netherlands
281538,71053,Prepare item,10,3.72,04/10/2025,20293,United Kingdom
744945,84406B,Fund item,19,78.2,11/02/2023,23037,Spain
364499,84029G,Ten item,8,68.09,11/20/2023,14815,Netherlands
395783,21730,Relationship item,17,2.99,01/11/2025,97173,United Kingdom
240626,22633,Strategy item,5,65.09,09/19/2024,74351,United Kingdom
454931,84029G,Stay item,9,61.23,06/20/2024,50390,Netherlands
559689,84029E,Break item,14,89.65,12/21/2023,50065,Norway
624410,22633,Recently item,9,22.6,01/04/2024,59556,Netherlands
161437,22086,Soon item,20,40.32,03/05/2024,70661,Germany
643547,85123A,Firm item,17,99.94,01/22/2025,75576,Norway
755100,22086,Behind item,20,61.3,08/09/2023,33036,Netherlands
423603,71053,Cell item,16,7.32,02/03/2025,96665,Netherlands
995387,22752,Lead item,9,26.85,01/28/2024,19404,Netherlands
908919,84029G,Occur item,5,52.21,04/21/2025,39240,Spain
974447,85123A,Cell item,20,41.01,05/15/2025,95190,Norway
533261,84406B,Three item,1,65.88,08/05/2023,38463,Netherlands
401699,84029E,Vote item,14,41.06,10/18/2024,54101,United Kingdom
701547,22632,He item,19,81.79,06/30/2024,29626,Norway
536359,84029G,Consider item,18,64.19,03/08/2024,80261,Finland
747750,22752,Resource item,17,30.72,01/03/2025,47895,France
975641,22086,Of item,6,30.08,04/03/2024,75590,Finland
707311,84406B,Western item,9,72.79,09/27/2024,11604,France
921730,22752,Science item,3,23.0,08/30/2024,57345,Spain
162997,84029E,Nearly item,14,79.02,12/25/2023,86799,Norway
791966,22752,Free item,9,58.97,07/14/2023,64629,Finland
309990,71053,Fear item,16,6.31,04/27/2024,75289,Germany
191450,22633,Contain item,7,50.55,09/24/2023,83269,Italy
565310,22086,Defense item,10,41.9,06/15/2025,22414,France
780122,84406B,Raise item,7,34.92,03/21/2025,18305,Finland
321325,84406B,Interview item,11,86.38,10/11/2024,18226,France
516477,71053,Position item,16,33.93,01/10/2024,22555,France
810620,22752,That item,2,1.47,12/22/2024,86494,Netherlands
962502,84029G,Specific item,6,58.05,10/07/2024,99183,France
104897,22633,Require item,3,13.81,07/03/2023,12178,Italy
845044,21730,Remain item,13,43.47,12/15/2024,30371,Finland
328122,21730,East item,1,4.73,04/28/2025,46997,Spain
795331,22752,Ok item,1,89.31,06/29/2023,30951,Spain
925088,85123A,Then item,1,63.04,11/20/2023,15452,Spain
665955,84029G,Father item,12,31.9,11/04/2023,23478,Germany
940862,21730,Affect item,17,59.28,04/17/2024,51506,France
943551,71053,Try item,2,30.52,06/11/2025,18448,Netherlands
457500,22633,Later item,17,60.04,04/05/2025,95386,Norway
213898,21730,Cost item,5,34.93,11/01/2024,86698,Finland
270505,22752,Glass item,7,17.32,03/17/2024,20003,Italy
659536,85123A,Doctor item,8,23.21,02/24/2024,39661,France
504422,84029G,Ago item,1,59.38,01/13/2024,29432,France
136945,71053,There item,12,71.4,02/19/2024,37095,United Kingdom
988200,21730,Local item,9,77.35,09/20/2024,20729,United Kingdom
170616,22632,Study item,2,66.54,08/11/2023,67489,United Kingdom
953141,85123A,Already item,4,42.26,04/04/2024,87742,Italy
548662,71053,Down item,18,26.02,05/26/2025,19798,France
101763,84029G,Study item,1,30.81,01/06/2025,74639,Germany
863834,22086,Could item,9,62.66,12/03/2024,64498,France
904875,21730,Crime item,4,51.65,01/06/2024,87965,Germany
769305,84029E,Politics item,4,78.69,04/21/2025,75231,Finland
358319,84029G,Range item,20,20.78,10/11/2024,89915,Netherlands
451961,22086,Sister item,7,36.43,04/04/2025,87712,Italy
256819,84029E,And item,6,4.9,04/30/2025,94063,Finland
819113,84029G,Father item,16,33.73,12/05/2024,94104,United Kingdom
193805,85123A,School item,3,90.78,04/24/2025,32080,Finland
746583,84406B,Forget item,3,78.17,06/04/2024,79032,Germany
624680,71053,Form item,9,64.79,08/22/2024,45984,Finland
949395,84029E,North item,9,46.96,11/12/2024,85190,Germany
373373,84406B,Across item,2,85.37,04/01/2025,82043,Norway
286509,22752,Remain item,14,74.12,01/13/2024,84464,Germany
266524,85123A,Result item,1,85.35,03/13/2024,39357,France
846339,22752,Which item,12,89.56,11/10/2024,22213,Netherlands
333690,71053,Official item,12,81.68,07/11/2023,32915,France
962845,71053,Toward item,13,40.62,11/18/2024,39610,Finland
334677,84029E,Wife item,13,69.3,08/19/2024,33413,Finland
925951,21730,How item,6,12.19,05/26/2024,91232,United Kingdom
879671,84406B,Also item,4,42.19,03/18/2024,33766,Finland
105549,22632,Research item,15,18.94,04/19/2024,25749,Italy
801581,22752,Little item,20,3.85,10/04/2024,13535,France
786714,22633,Space item,16,12.18,01/16/2025,54237,Italy
950091,22633,Foreign item,2,7.27,12/23/2023,91974,Norway
568869,85123A,Eat item,17,76.99,02/17/2025,60068,Spain
234413,22752,Create item,17,52.79,10/08/2023,23876,Germany
320981,21730,Loss item,8,48.71,02/11/2024,54748,Italy
378968,84406B,She item,18,89.31,04/29/2025,23851,United Kingdom
704553,85123A,Idea item,6,51.05,05/06/2025,97556,Finland
949179,22633,Friend item,6,8.41,05/23/2024,99231,Finland
783101,22752,Nation item,8,33.76,01/01/2024,79669,Netherlands
382784,85123A,Study item,17,23.05,10/17/2023,21340,Italy
464021,21730,Class item,8,8.8,04/07/2025,86819,Finland
443961,22632,Successful item,15,9.71,09/13/2024,63362,Finland
293217,22633,Instead item,11,12.75,10/11/2023,72719,Finland
644422,85123A,Town item,4,40.94,05/11/2024,31071,United Kingdom
436167,22086,Pressure item,18,1.02,12/08/2024,11582,Germany
523516,22632,Audience item,20,64.12,09/13/2023,21451,Spain
289463,22633,Reason item,11,36.97,07/30/2024,55241,United Kingdom
398481,84029G,Admit item,15,33.87,09/19/2023,29590,Finland
469544,22752,Individual item,15,12.29,08/28/2024,71252,Spain
837891,85123A,Skin item,11,36.16,03/11/2024,50612,Netherlands
993157,22086,Among item,17,38.02,03/21/2025,46346,Germany
817028,85123A,Night item,6,49.75,08/01/2024,99849,Italy
112726,71053,Challenge item,9,61.47,05/25/2024,26112,Spain
924352,71053,Husband item,13,22.34,02/18/2024,16059,Spain
425639,22752,Include item,4,75.96,06/25/2023,91283,United Kingdom
102706,22632,Movie item,4,77.44,10/11/2024,22274,Finland
321982,22633,Direction item,19,95.66,04/04/2025,46582,France
965156,22633,International item,1,53.51,05/17/2024,39818,United Kingdom
558671,22086,Significant item,14,84.04,11/21/2024,96746,Finland
306463,22086,Main item,6,69.49,09/28/2024,53084,France
191067,84406B,Much item,4,39.35,08/12/2024,83307,Norway
339963,22086,Ahead item,13,42.45,12/07/2023,16496,Spain
574190,84029E,Near item,13,96.4,09/07/2023,47176,Netherlands
822364,22633,Arrive item,5,14.68,04/06/2025,11304,Netherlands
614227,22086,Page item,11,71.48,10/31/2024,19920,Spain
479845,84029G,Impact item,7,62.79,06/28/2023,89954,Netherlands
101024,22752,Follow item,5,98.15,10/27/2024,59746,France
576105,22086,Activity item,18,69.74,07/13/2023,66828,Norway
191524,71053,Sign item,12,56.67,01/18/2025,98947,Italy
417970,22086,Of item,10,87.87,04/08/2024,30999,Italy
