timestamp,order_id,user_id,product_id,category,price,quantity
2025-06-19 00:00:00,O10000,U1079,P5002,Toys,402.76,2
2025-06-19 00:00:20,O10001,U1023,P2002,Clothing,45.16,3
2025-06-19 00:00:40,O10002,U1063,P2001,Clothing,354.64,3
2025-06-19 00:01:00,O10003,U1068,P4001,Books,235.52,2
2025-06-19 00:01:20,O10004,U1065,P3001,Home,331.93,3
2025-06-19 00:01:40,O10005,U1040,P1002,Electronics,74.85,5
2025-06-19 00:02:00,O10006,U1008,P1001,Electronics,354.36,1
2025-06-19 00:02:20,O10007,U1009,P5001,Toys,415.78,4
2025-06-19 00:02:40,O10008,U1056,P2001,Clothing,340.78,2
2025-06-19 00:03:00,O10009,U1088,P2002,Clothing,404.7,2
2025-06-19 00:03:20,O10010,U1008,P5001,Toys,102.29,2
2025-06-19 00:03:40,O10011,U1003,P4001,Books,61.67,3
2025-06-19 00:04:00,O10012,U1011,P4002,Books,479.53,5
2025-06-19 00:04:20,O10013,U1073,P3001,Home,486.66,5
2025-06-19 00:04:40,O10014,U1070,P1002,Electronics,320.73,1
2025-06-19 00:05:00,O10015,U1083,P4002,Books,232.03,1
2025-06-19 00:05:20,O10016,U1082,P2002,Clothing,250.4,2
2025-06-19 00:05:40,O10017,U1018,P3001,Home,175.95,1
2025-06-19 00:06:00,O10018,U1036,P3001,Home,222.75,5
2025-06-19 00:06:20,O10019,U1016,P3001,Home,313.64,3
2025-06-19 00:06:40,O10020,U1037,P3001,Home,205.26,5
2025-06-19 00:07:00,O10021,U1011,P4001,Books,449.25,1
2025-06-19 00:07:20,O10022,U1060,P2002,Clothing,202.69,3
2025-06-19 00:07:40,O10023,U1023,P4001,Books,235.42,1
2025-06-19 00:08:00,O10024,U1011,P3001,Home,282.82,3
2025-06-19 00:08:20,O10025,U1015,P3001,Home,345.09,4
2025-06-19 00:08:40,O10026,U1023,P2002,Clothing,139.98,4
2025-06-19 00:09:00,O10027,U1014,P2001,Clothing,117.32,3
2025-06-19 00:09:20,O10028,U1070,P1001,Electronics,201.2,5
2025-06-19 00:09:40,O10029,U1011,P1002,Electronics,440.15,1
2025-06-19 00:10:00,O10030,U1072,P1002,Electronics,168.6,2
2025-06-19 00:10:20,O10031,U1036,P4001,Books,140.3,5
2025-06-19 00:10:40,O10032,U1042,P4002,Books,251.07,1
2025-06-19 00:11:00,O10033,U1000,P1001,Electronics,66.34,2
2025-06-19 00:11:20,O10034,U1097,P3002,Home,465.88,3
2025-06-19 00:11:40,O10035,U1004,P4002,Books,361.4,4
2025-06-19 00:12:00,O10036,U1020,P3001,Home,358.05,4
2025-06-19 00:12:20,O10037,U1024,P1002,Electronics,392.26,3
2025-06-19 00:12:40,O10038,U1094,P4002,Books,287.19,3
2025-06-19 00:13:00,O10039,U1083,P1001,Electronics,221.55,4
2025-06-19 00:13:20,O10040,U1093,P4002,Books,344.11,1
2025-06-19 00:13:40,O10041,U1001,P1001,Electronics,106.45,2
2025-06-19 00:14:00,O10042,U1022,P4002,Books,182.11,2
2025-06-19 00:14:20,O10043,U1042,P1002,Electronics,287.35,2
2025-06-19 00:14:40,O10044,U1045,P4002,Books,286.22,1
2025-06-19 00:15:00,O10045,U1090,P4002,Books,467.19,1
2025-06-19 00:15:20,O10046,U1011,P5001,Toys,301.51,3
2025-06-19 00:15:40,O10047,U1002,P2002,Clothing,351.07,4
2025-06-19 00:16:00,O10048,U1005,P2002,Clothing,7.5,2
2025-06-19 00:16:20,O10049,U1036,P4001,Books,492.91,1
2025-06-19 00:16:40,O10050,U1003,P4002,Books,333.77,3
2025-06-19 00:17:00,O10051,U1063,P4001,Books,54.05,2
2025-06-19 00:17:20,O10052,U1017,P3001,Home,113.57,4
2025-06-19 00:17:40,O10053,U1023,P4001,Books,310.73,3
2025-06-19 00:18:00,O10054,U1074,P1001,Electronics,436.04,2
2025-06-19 00:18:20,O10055,U1071,P5002,Toys,122.65,2
2025-06-19 00:18:40,O10056,U1005,P3002,Home,313.89,1
2025-06-19 00:19:00,O10057,U1011,P5001,Toys,175.67,4
2025-06-19 00:19:20,O10058,U1020,P1002,Electronics,123.25,5
2025-06-19 00:19:40,O10059,U1023,P2002,Clothing,111.26,4
2025-06-19 00:20:00,O10060,U1022,P5001,Toys,268.44,2
2025-06-19 00:20:20,O10061,U1036,P4002,Books,262.91,5
2025-06-19 00:20:40,O10062,U1067,P4001,Books,231.11,3
2025-06-19 00:21:00,O10063,U1031,P3001,Home,497.52,2
2025-06-19 00:21:20,O10064,U1043,P5002,Toys,384.49,4
2025-06-19 00:21:40,O10065,U1049,P1001,Electronics,106.5,4
2025-06-19 00:22:00,O10066,U1024,P4002,Books,32.99,3
2025-06-19 00:22:20,O10067,U1072,P3001,Home,215.9,4
2025-06-19 00:22:40,O10068,U1098,P4002,Books,325.5,1
2025-06-19 00:23:00,O10069,U1042,P1002,Electronics,103.81,4
2025-06-19 00:23:20,O10070,U1094,P5001,Toys,87.61,5
2025-06-19 00:23:40,O10071,U1052,P3002,Home,485.97,3
2025-06-19 00:24:00,O10072,U1047,P3001,Home,75.36,1
2025-06-19 00:24:20,O10073,U1051,P4001,Books,249.55,2
2025-06-19 00:24:40,O10074,U1038,P3002,Home,138.35,2
2025-06-19 00:25:00,O10075,U1035,P3002,Home,135.82,5
2025-06-19 00:25:20,O10076,U1094,P3002,Home,444.98,2
2025-06-19 00:25:40,O10077,U1090,P4001,Books,80.43,2
2025-06-19 00:26:00,O10078,U1048,P5002,Toys,32.5,5
2025-06-19 00:26:20,O10079,U1003,P2001,Clothing,402.16,5
2025-06-19 00:26:40,O10080,U1058,P5001,Toys,48.61,2
2025-06-19 00:27:00,O10081,U1020,P4001,Books,319.22,4
2025-06-19 00:27:20,O10082,U1082,P5002,Toys,92.18,4
2025-06-19 00:27:40,O10083,U1017,P3002,Home,473.94,5
2025-06-19 00:28:00,O10084,U1056,P3002,Home,424.71,5
2025-06-19 00:28:20,O10085,U1070,P4001,Books,145.49,2
2025-06-19 00:28:40,O10086,U1091,P4001,Books,65.37,2
2025-06-19 00:29:00,O10087,U1007,P3002,Home,108.65,3
2025-06-19 00:29:20,O10088,U1095,P5001,Toys,295.71,1
2025-06-19 00:29:40,O10089,U1005,P4001,Books,134.83,1
2025-06-19 00:30:00,O10090,U1005,P1002,Electronics,43.32,5
2025-06-19 00:30:20,O10091,U1000,P5001,Toys,322.98,1
2025-06-19 00:30:40,O10092,U1062,P1001,Electronics,97.2,4
2025-06-19 00:31:00,O10093,U1027,P5001,Toys,158.21,3
2025-06-19 00:31:20,O10094,U1047,P3001,Home,369.44,4
2025-06-19 00:31:40,O10095,U1076,P4002,Books,34.25,1
2025-06-19 00:32:00,O10096,U1019,P2002,Clothing,38.72,3
2025-06-19 00:32:20,O10097,U1042,P4002,Books,16.66,2
2025-06-19 00:32:40,O10098,U1079,P1001,Electronics,403.16,3
2025-06-19 00:33:00,O10099,U1004,P4001,Books,344.03,4
2025-06-19 00:33:20,O10100,U1067,P4002,Books,466.0,5
2025-06-19 00:33:40,O10101,U1031,P3001,Home,356.85,1
2025-06-19 00:34:00,O10102,U1065,P1001,Electronics,286.46,2
2025-06-19 00:34:20,O10103,U1053,P1001,Electronics,110.55,1
2025-06-19 00:34:40,O10104,U1050,P5001,Toys,267.9,1
2025-06-19 00:35:00,O10105,U1016,P2001,Clothing,118.14,3
2025-06-19 00:35:20,O10106,U1050,P5001,Toys,431.48,4
2025-06-19 00:35:40,O10107,U1079,P4001,Books,234.69,3
2025-06-19 00:36:00,O10108,U1046,P4002,Books,277.15,3
2025-06-19 00:36:20,O10109,U1041,P1002,Electronics,173.94,2
2025-06-19 00:36:40,O10110,U1046,P3001,Home,273.53,1
2025-06-19 00:37:00,O10111,U1023,P5002,Toys,66.4,4
2025-06-19 00:37:20,O10112,U1022,P4002,Books,48.32,2
2025-06-19 00:37:40,O10113,U1056,P4001,Books,265.53,1
2025-06-19 00:38:00,O10114,U1009,P2001,Clothing,94.86,2
2025-06-19 00:38:20,O10115,U1030,P1002,Electronics,359.49,3
2025-06-19 00:38:40,O10116,U1014,P1001,Electronics,134.24,2
2025-06-19 00:39:00,O10117,U1098,P2001,Clothing,325.31,1
2025-06-19 00:39:20,O10118,U1054,P2001,Clothing,445.32,5
2025-06-19 00:39:40,O10119,U1084,P3001,Home,344.95,5
2025-06-19 00:40:00,O10120,U1036,P2002,Clothing,454.4,4
2025-06-19 00:40:20,O10121,U1072,P3001,Home,137.33,3
2025-06-19 00:40:40,O10122,U1005,P1001,Electronics,261.94,3
2025-06-19 00:41:00,O10123,U1083,P5002,Toys,278.09,4
2025-06-19 00:41:20,O10124,U1066,P3001,Home,35.21,3
2025-06-19 00:41:40,O10125,U1002,P3001,Home,415.22,3
2025-06-19 00:42:00,O10126,U1052,P2002,Clothing,86.13,3
2025-06-19 00:42:20,O10127,U1024,P5002,Toys,318.57,5
2025-06-19 00:42:40,O10128,U1098,P4001,Books,221.83,1
2025-06-19 00:43:00,O10129,U1033,P1002,Electronics,40.65,2
2025-06-19 00:43:20,O10130,U1007,P1002,Electronics,166.58,5
2025-06-19 00:43:40,O10131,U1022,P4002,Books,44.36,1
2025-06-19 00:44:00,O10132,U1053,P2002,Clothing,318.12,3
2025-06-19 00:44:20,O10133,U1038,P5002,Toys,189.25,4
2025-06-19 00:44:40,O10134,U1038,P3001,Home,323.6,5
2025-06-19 00:45:00,O10135,U1056,P1001,Electronics,38.15,2
2025-06-19 00:45:20,O10136,U1023,P4002,Books,452.3,1
2025-06-19 00:45:40,O10137,U1070,P3001,Home,157.17,4
2025-06-19 00:46:00,O10138,U1013,P1001,Electronics,226.75,4
2025-06-19 00:46:20,O10139,U1015,P4001,Books,198.86,1
2025-06-19 00:46:40,O10140,U1038,P2002,Clothing,358.98,3
2025-06-19 00:47:00,O10141,U1017,P2001,Clothing,164.79,1
2025-06-19 00:47:20,O10142,U1090,P1002,Electronics,402.75,5
2025-06-19 00:47:40,O10143,U1071,P4001,Books,447.99,1
2025-06-19 00:48:00,O10144,U1055,P3002,Home,29.9,3
2025-06-19 00:48:20,O10145,U1030,P1002,Electronics,19.65,1
2025-06-19 00:48:40,O10146,U1090,P2002,Clothing,299.74,3
2025-06-19 00:49:00,O10147,U1031,P3002,Home,381.05,3
2025-06-19 00:49:20,O10148,U1091,P3002,Home,236.31,1
2025-06-19 00:49:40,O10149,U1040,P1001,Electronics,336.06,5
2025-06-19 00:50:00,O10150,U1096,P3001,Home,137.02,5
2025-06-19 00:50:20,O10151,U1076,P5001,Toys,234.19,4
2025-06-19 00:50:40,O10152,U1063,P4001,Books,427.41,3
2025-06-19 00:51:00,O10153,U1048,P4001,Books,120.45,4
2025-06-19 00:51:20,O10154,U1056,P1002,Electronics,287.65,3
2025-06-19 00:51:40,O10155,U1007,P5002,Toys,242.0,5
2025-06-19 00:52:00,O10156,U1021,P2002,Clothing,244.2,2
2025-06-19 00:52:20,O10157,U1061,P3001,Home,290.14,2
2025-06-19 00:52:40,O10158,U1059,P4001,Books,415.23,1
2025-06-19 00:53:00,O10159,U1076,P3002,Home,127.51,1
2025-06-19 00:53:20,O10160,U1008,P4002,Books,52.04,5
2025-06-19 00:53:40,O10161,U1082,P5002,Toys,355.86,3
2025-06-19 00:54:00,O10162,U1005,P4002,Books,304.23,3
2025-06-19 00:54:20,O10163,U1054,P4002,Books,87.51,1
2025-06-19 00:54:40,O10164,U1037,P3001,Home,193.43,3
2025-06-19 00:55:00,O10165,U1071,P5002,Toys,279.55,2
2025-06-19 00:55:20,O10166,U1098,P4002,Books,124.36,2
2025-06-19 00:55:40,O10167,U1007,P5002,Toys,318.71,2
2025-06-19 00:56:00,O10168,U1058,P4001,Books,75.58,5
2025-06-19 00:56:20,O10169,U1043,P3002,Home,143.45,4
2025-06-19 00:56:40,O10170,U1040,P4002,Books,222.0,2
2025-06-19 00:57:00,O10171,U1040,P5002,Toys,193.65,1
2025-06-19 00:57:20,O10172,U1023,P2002,Clothing,418.01,3
2025-06-19 00:57:40,O10173,U1070,P3001,Home,140.76,5
2025-06-19 00:58:00,O10174,U1005,P1002,Electronics,484.19,4
2025-06-19 00:58:20,O10175,U1010,P1002,Electronics,290.9,2
2025-06-19 00:58:40,O10176,U1058,P3002,Home,101.47,4
2025-06-19 00:59:00,O10177,U1011,P4001,Books,298.02,5
2025-06-19 00:59:20,O10178,U1014,P3002,Home,390.67,1
2025-06-19 00:59:40,O10179,U1012,P2001,Clothing,405.75,2
2025-06-19 01:00:00,O10180,U1003,P1001,Electronics,347.97,2
2025-06-19 01:00:20,O10181,U1084,P5002,Toys,383.89,1
2025-06-19 01:00:40,O10182,U1012,P2001,Clothing,354.96,4
2025-06-19 01:01:00,O10183,U1049,P5001,Toys,150.21,2
2025-06-19 01:01:20,O10184,U1009,P1001,Electronics,333.04,5
2025-06-19 01:01:40,O10185,U1085,P4001,Books,42.38,4
2025-06-19 01:02:00,O10186,U1091,P1002,Electronics,238.2,3
2025-06-19 01:02:20,O10187,U1054,P5002,Toys,435.84,4
2025-06-19 01:02:40,O10188,U1012,P2002,Clothing,302.63,2
2025-06-19 01:03:00,O10189,U1058,P3001,Home,16.09,5
2025-06-19 01:03:20,O10190,U1015,P3002,Home,139.61,4
2025-06-19 01:03:40,O10191,U1019,P3002,Home,413.03,2
2025-06-19 01:04:00,O10192,U1074,P1001,Electronics,361.6,5
2025-06-19 01:04:20,O10193,U1060,P2001,Clothing,266.16,4
2025-06-19 01:04:40,O10194,U1010,P4002,Books,151.77,4
2025-06-19 01:05:00,O10195,U1032,P2002,Clothing,250.87,1
2025-06-19 01:05:20,O10196,U1089,P3002,Home,315.81,1
2025-06-19 01:05:40,O10197,U1050,P3002,Home,119.97,2
2025-06-19 01:06:00,O10198,U1043,P5002,Toys,481.44,5
2025-06-19 01:06:20,O10199,U1055,P3001,Home,367.85,1
2025-06-19 01:06:40,O10200,U1063,P3001,Home,217.57,4
2025-06-19 01:07:00,O10201,U1051,P5002,Toys,371.77,5
2025-06-19 01:07:20,O10202,U1099,P2002,Clothing,300.89,5
2025-06-19 01:07:40,O10203,U1010,P4001,Books,346.05,1
2025-06-19 01:08:00,O10204,U1024,P5002,Toys,19.45,2
2025-06-19 01:08:20,O10205,U1047,P4001,Books,206.77,2
2025-06-19 01:08:40,O10206,U1070,P4001,Books,230.35,5
2025-06-19 01:09:00,O10207,U1082,P3002,Home,158.5,4
2025-06-19 01:09:20,O10208,U1008,P3001,Home,170.52,3
2025-06-19 01:09:40,O10209,U1011,P4001,Books,41.15,2
2025-06-19 01:10:00,O10210,U1002,P3001,Home,25.04,1
2025-06-19 01:10:20,O10211,U1017,P5001,Toys,41.65,2
2025-06-19 01:10:40,O10212,U1095,P4002,Books,274.93,3
2025-06-19 01:11:00,O10213,U1040,P1001,Electronics,342.31,5
2025-06-19 01:11:20,O10214,U1056,P5001,Toys,450.8,1
2025-06-19 01:11:40,O10215,U1080,P3002,Home,36.0,4
2025-06-19 01:12:00,O10216,U1024,P5002,Toys,444.26,2
2025-06-19 01:12:20,O10217,U1057,P4002,Books,483.77,5
2025-06-19 01:12:40,O10218,U1088,P5001,Toys,44.0,2
2025-06-19 01:13:00,O10219,U1053,P4001,Books,65.41,3
2025-06-19 01:13:20,O10220,U1043,P1001,Electronics,371.11,5
2025-06-19 01:13:40,O10221,U1013,P1002,Electronics,90.51,3
2025-06-19 01:14:00,O10222,U1068,P4002,Books,284.98,5
2025-06-19 01:14:20,O10223,U1082,P2002,Clothing,64.23,2
2025-06-19 01:14:40,O10224,U1092,P1002,Electronics,160.02,5
2025-06-19 01:15:00,O10225,U1024,P3001,Home,68.1,3
2025-06-19 01:15:20,O10226,U1047,P3001,Home,228.71,4
2025-06-19 01:15:40,O10227,U1023,P2002,Clothing,47.67,3
2025-06-19 01:16:00,O10228,U1094,P3001,Home,176.68,5
2025-06-19 01:16:20,O10229,U1098,P4002,Books,461.23,2
2025-06-19 01:16:40,O10230,U1020,P5002,Toys,433.22,3
2025-06-19 01:17:00,O10231,U1074,P1001,Electronics,305.08,5
2025-06-19 01:17:20,O10232,U1042,P2002,Clothing,74.05,5
2025-06-19 01:17:40,O10233,U1061,P2001,Clothing,451.84,2
2025-06-19 01:18:00,O10234,U1064,P5002,Toys,205.13,5
2025-06-19 01:18:20,O10235,U1010,P4001,Books,398.5,1
2025-06-19 01:18:40,O10236,U1022,P1002,Electronics,5.23,4
2025-06-19 01:19:00,O10237,U1061,P4001,Books,175.22,2
2025-06-19 01:19:20,O10238,U1079,P5002,Toys,177.03,2
2025-06-19 01:19:40,O10239,U1015,P2001,Clothing,312.37,5
2025-06-19 01:20:00,O10240,U1047,P4002,Books,44.27,3
2025-06-19 01:20:20,O10241,U1090,P3002,Home,213.98,5
2025-06-19 01:20:40,O10242,U1084,P1001,Electronics,233.49,2
2025-06-19 01:21:00,O10243,U1091,P1002,Electronics,306.17,4
2025-06-19 01:21:20,O10244,U1043,P4002,Books,126.09,4
2025-06-19 01:21:40,O10245,U1095,P3001,Home,426.54,4
2025-06-19 01:22:00,O10246,U1061,P5001,Toys,482.05,2
2025-06-19 01:22:20,O10247,U1008,P2002,Clothing,247.54,4
2025-06-19 01:22:40,O10248,U1081,P3002,Home,263.27,3
2025-06-19 01:23:00,O10249,U1020,P2002,Clothing,328.01,5
2025-06-19 01:23:20,O10250,U1062,P1002,Electronics,207.16,5
2025-06-19 01:23:40,O10251,U1067,P2001,Clothing,355.23,3
2025-06-19 01:24:00,O10252,U1078,P2002,Clothing,270.81,4
2025-06-19 01:24:20,O10253,U1001,P4001,Books,431.84,5
2025-06-19 01:24:40,O10254,U1099,P2002,Clothing,54.04,4
2025-06-19 01:25:00,O10255,U1040,P4001,Books,396.51,5
2025-06-19 01:25:20,O10256,U1053,P3002,Home,121.32,1
2025-06-19 01:25:40,O10257,U1023,P5001,Toys,404.69,1
2025-06-19 01:26:00,O10258,U1012,P1001,Electronics,431.62,3
2025-06-19 01:26:20,O10259,U1066,P2002,Clothing,235.39,4
2025-06-19 01:26:40,O10260,U1059,P4001,Books,481.7,3
2025-06-19 01:27:00,O10261,U1006,P2001,Clothing,221.27,5
2025-06-19 01:27:20,O10262,U1036,P2002,Clothing,460.05,2
2025-06-19 01:27:40,O10263,U1078,P3001,Home,40.61,1
2025-06-19 01:28:00,O10264,U1016,P5002,Toys,112.96,4
2025-06-19 01:28:20,O10265,U1005,P2002,Clothing,149.51,4
2025-06-19 01:28:40,O10266,U1051,P5001,Toys,163.62,3
2025-06-19 01:29:00,O10267,U1095,P2002,Clothing,365.21,5
2025-06-19 01:29:20,O10268,U1078,P2001,Clothing,306.32,1
2025-06-19 01:29:40,O10269,U1037,P3002,Home,409.73,2
2025-06-19 01:30:00,O10270,U1008,P4001,Books,140.81,5
2025-06-19 01:30:20,O10271,U1012,P3002,Home,493.34,2
2025-06-19 01:30:40,O10272,U1046,P3002,Home,71.5,4
2025-06-19 01:31:00,O10273,U1093,P5001,Toys,174.52,5
2025-06-19 01:31:20,O10274,U1007,P5001,Toys,260.1,2
2025-06-19 01:31:40,O10275,U1072,P3002,Home,113.87,3
2025-06-19 01:32:00,O10276,U1068,P1002,Electronics,270.13,4
2025-06-19 01:32:20,O10277,U1032,P1002,Electronics,19.87,2
2025-06-19 01:32:40,O10278,U1045,P5002,Toys,319.81,3
2025-06-19 01:33:00,O10279,U1009,P2002,Clothing,470.36,4
2025-06-19 01:33:20,O10280,U1059,P1002,Electronics,384.07,2
2025-06-19 01:33:40,O10281,U1027,P1001,Electronics,464.63,4
2025-06-19 01:34:00,O10282,U1097,P5002,Toys,492.22,2
2025-06-19 01:34:20,O10283,U1094,P4002,Books,232.91,5
2025-06-19 01:34:40,O10284,U1005,P2001,Clothing,28.23,4
2025-06-19 01:35:00,O10285,U1002,P4001,Books,418.5,3
2025-06-19 01:35:20,O10286,U1059,P5001,Toys,341.38,5
2025-06-19 01:35:40,O10287,U1066,P2001,Clothing,255.8,5
2025-06-19 01:36:00,O10288,U1040,P5002,Toys,309.68,3
2025-06-19 01:36:20,O10289,U1096,P4002,Books,379.06,1
2025-06-19 01:36:40,O10290,U1047,P1002,Electronics,379.42,2
2025-06-19 01:37:00,O10291,U1076,P5002,Toys,160.23,2
2025-06-19 01:37:20,O10292,U1002,P4002,Books,248.37,3
2025-06-19 01:37:40,O10293,U1012,P4002,Books,58.89,5
2025-06-19 01:38:00,O10294,U1070,P3002,Home,423.86,5
2025-06-19 01:38:20,O10295,U1033,P5001,Toys,88.64,1
2025-06-19 01:38:40,O10296,U1027,P3001,Home,298.47,2
2025-06-19 01:39:00,O10297,U1004,P3001,Home,189.14,5
2025-06-19 01:39:20,O10298,U1000,P5001,Toys,413.56,3
2025-06-19 01:39:40,O10299,U1042,P1001,Electronics,211.35,1
2025-06-19 01:40:00,O10300,U1045,P2001,Clothing,339.77,1
2025-06-19 01:40:20,O10301,U1085,P2002,Clothing,389.48,3
2025-06-19 01:40:40,O10302,U1032,P2001,Clothing,284.72,3
2025-06-19 01:41:00,O10303,U1028,P4002,Books,272.78,2
2025-06-19 01:41:20,O10304,U1081,P4001,Books,136.13,2
2025-06-19 01:41:40,O10305,U1078,P4002,Books,38.16,5
2025-06-19 01:42:00,O10306,U1049,P2001,Clothing,430.73,4
2025-06-19 01:42:20,O10307,U1017,P5002,Toys,388.19,2
2025-06-19 01:42:40,O10308,U1057,P5002,Toys,421.63,2
2025-06-19 01:43:00,O10309,U1028,P5002,Toys,106.77,5
2025-06-19 01:43:20,O10310,U1051,P5002,Toys,321.39,2
2025-06-19 01:43:40,O10311,U1092,P1001,Electronics,272.85,4
2025-06-19 01:44:00,O10312,U1006,P1002,Electronics,404.63,3
2025-06-19 01:44:20,O10313,U1045,P5001,Toys,259.87,2
2025-06-19 01:44:40,O10314,U1031,P4001,Books,220.43,4
2025-06-19 01:45:00,O10315,U1089,P1001,Electronics,221.4,2
2025-06-19 01:45:20,O10316,U1000,P2002,Clothing,100.64,4
2025-06-19 01:45:40,O10317,U1030,P3001,Home,110.77,4
2025-06-19 01:46:00,O10318,U1016,P3002,Home,257.36,4
2025-06-19 01:46:20,O10319,U1095,P5002,Toys,338.74,5
2025-06-19 01:46:40,O10320,U1046,P3002,Home,33.43,3
2025-06-19 01:47:00,O10321,U1013,P4001,Books,215.9,1
2025-06-19 01:47:20,O10322,U1017,P1001,Electronics,282.11,2
2025-06-19 01:47:40,O10323,U1095,P5002,Toys,47.74,1
2025-06-19 01:48:00,O10324,U1051,P3002,Home,238.09,2
2025-06-19 01:48:20,O10325,U1017,P4002,Books,482.25,2
2025-06-19 01:48:40,O10326,U1033,P3002,Home,349.26,5
2025-06-19 01:49:00,O10327,U1038,P3002,Home,239.9,3
2025-06-19 01:49:20,O10328,U1070,P4001,Books,114.0,4
2025-06-19 01:49:40,O10329,U1084,P4002,Books,436.46,5
2025-06-19 01:50:00,O10330,U1074,P2001,Clothing,372.68,5
2025-06-19 01:50:20,O10331,U1023,P5001,Toys,144.71,1
2025-06-19 01:50:40,O10332,U1088,P4001,Books,101.35,4
2025-06-19 01:51:00,O10333,U1047,P5001,Toys,129.14,1
2025-06-19 01:51:20,O10334,U1044,P2002,Clothing,61.58,3
2025-06-19 01:51:40,O10335,U1019,P2002,Clothing,360.23,3
2025-06-19 01:52:00,O10336,U1013,P4002,Books,218.62,3
2025-06-19 01:52:20,O10337,U1083,P4001,Books,149.6,1
2025-06-19 01:52:40,O10338,U1052,P2002,Clothing,411.18,3
2025-06-19 01:53:00,O10339,U1089,P3001,Home,221.94,4
2025-06-19 01:53:20,O10340,U1033,P4002,Books,398.69,3
2025-06-19 01:53:40,O10341,U1093,P5001,Toys,230.14,5
2025-06-19 01:54:00,O10342,U1094,P2001,Clothing,353.48,3
2025-06-19 01:54:20,O10343,U1022,P2002,Clothing,55.29,1
2025-06-19 01:54:40,O10344,U1081,P4001,Books,8.51,4
2025-06-19 01:55:00,O10345,U1036,P2002,Clothing,416.34,2
2025-06-19 01:55:20,O10346,U1066,P2002,Clothing,314.02,4
2025-06-19 01:55:40,O10347,U1083,P5001,Toys,51.76,3
2025-06-19 01:56:00,O10348,U1010,P1002,Electronics,335.67,5
2025-06-19 01:56:20,O10349,U1002,P5001,Toys,237.79,5
2025-06-19 01:56:40,O10350,U1029,P3002,Home,445.01,4
2025-06-19 01:57:00,O10351,U1098,P5001,Toys,18.38,1
2025-06-19 01:57:20,O10352,U1056,P1001,Electronics,282.76,5
2025-06-19 01:57:40,O10353,U1069,P2002,Clothing,54.52,3
2025-06-19 01:58:00,O10354,U1032,P4002,Books,404.95,1
2025-06-19 01:58:20,O10355,U1066,P3002,Home,84.33,3
2025-06-19 01:58:40,O10356,U1095,P2001,Clothing,158.32,1
2025-06-19 01:59:00,O10357,U1087,P2002,Clothing,315.34,1
2025-06-19 01:59:20,O10358,U1053,P3001,Home,71.72,3
2025-06-19 01:59:40,O10359,U1031,P3002,Home,265.55,5
2025-06-19 02:00:00,O10360,U1091,P2001,Clothing,6.62,1
2025-06-19 02:00:20,O10361,U1046,P1001,Electronics,27.02,1
2025-06-19 02:00:40,O10362,U1089,P5001,Toys,77.25,5
2025-06-19 02:01:00,O10363,U1065,P5002,Toys,57.29,2
2025-06-19 02:01:20,O10364,U1087,P5002,Toys,95.46,3
2025-06-19 02:01:40,O10365,U1079,P1001,Electronics,218.84,5
2025-06-19 02:02:00,O10366,U1083,P5001,Toys,142.69,5
2025-06-19 02:02:20,O10367,U1041,P5002,Toys,444.44,1
2025-06-19 02:02:40,O10368,U1030,P2001,Clothing,412.78,3
2025-06-19 02:03:00,O10369,U1002,P1002,Electronics,64.09,5
2025-06-19 02:03:20,O10370,U1045,P5002,Toys,244.17,1
2025-06-19 02:03:40,O10371,U1026,P4002,Books,28.55,1
2025-06-19 02:04:00,O10372,U1098,P2002,Clothing,278.93,4
2025-06-19 02:04:20,O10373,U1089,P2001,Clothing,383.46,5
2025-06-19 02:04:40,O10374,U1009,P5001,Toys,315.1,3
2025-06-19 02:05:00,O10375,U1094,P2001,Clothing,71.49,2
2025-06-19 02:05:20,O10376,U1016,P5002,Toys,248.61,2
2025-06-19 02:05:40,O10377,U1082,P4002,Books,243.49,2
2025-06-19 02:06:00,O10378,U1087,P5002,Toys,363.96,2
2025-06-19 02:06:20,O10379,U1097,P4002,Books,48.35,3
2025-06-19 02:06:40,O10380,U1087,P2002,Clothing,159.37,4
2025-06-19 02:07:00,O10381,U1084,P5002,Toys,165.51,4
2025-06-19 02:07:20,O10382,U1031,P4002,Books,49.84,4
2025-06-19 02:07:40,O10383,U1000,P5002,Toys,345.03,3
2025-06-19 02:08:00,O10384,U1042,P2002,Clothing,382.59,1
2025-06-19 02:08:20,O10385,U1027,P2002,Clothing,199.76,1
2025-06-19 02:08:40,O10386,U1095,P5002,Toys,459.74,5
2025-06-19 02:09:00,O10387,U1005,P1001,Electronics,370.19,3
2025-06-19 02:09:20,O10388,U1057,P2001,Clothing,32.01,5
2025-06-19 02:09:40,O10389,U1014,P5001,Toys,37.22,4
2025-06-19 02:10:00,O10390,U1077,P3001,Home,139.46,5
2025-06-19 02:10:20,O10391,U1076,P1001,Electronics,475.84,4
2025-06-19 02:10:40,O10392,U1027,P2001,Clothing,323.45,2
2025-06-19 02:11:00,O10393,U1067,P3002,Home,54.36,5
2025-06-19 02:11:20,O10394,U1074,P4001,Books,475.45,1
2025-06-19 02:11:40,O10395,U1033,P2001,Clothing,108.19,2
2025-06-19 02:12:00,O10396,U1051,P5002,Toys,185.84,4
2025-06-19 02:12:20,O10397,U1094,P5002,Toys,485.69,2
2025-06-19 02:12:40,O10398,U1012,P4001,Books,237.46,4
2025-06-19 02:13:00,O10399,U1000,P5002,Toys,373.31,3
2025-06-19 02:13:20,O10400,U1052,P2002,Clothing,133.31,1
2025-06-19 02:13:40,O10401,U1002,P2002,Clothing,10.67,4
2025-06-19 02:14:00,O10402,U1061,P3001,Home,280.97,3
2025-06-19 02:14:20,O10403,U1010,P2002,Clothing,431.23,1
2025-06-19 02:14:40,O10404,U1030,P1002,Electronics,15.04,4
2025-06-19 02:15:00,O10405,U1079,P4002,Books,285.99,2
2025-06-19 02:15:20,O10406,U1082,P3001,Home,429.99,1
2025-06-19 02:15:40,O10407,U1082,P3002,Home,64.22,3
2025-06-19 02:16:00,O10408,U1006,P5001,Toys,390.07,2
2025-06-19 02:16:20,O10409,U1099,P1002,Electronics,444.35,2
2025-06-19 02:16:40,O10410,U1007,P3001,Home,492.53,5
2025-06-19 02:17:00,O10411,U1099,P3001,Home,249.55,1
2025-06-19 02:17:20,O10412,U1069,P3001,Home,358.63,3
2025-06-19 02:17:40,O10413,U1011,P2001,Clothing,420.97,5
2025-06-19 02:18:00,O10414,U1064,P1002,Electronics,382.55,2
2025-06-19 02:18:20,O10415,U1051,P5001,Toys,28.1,3
2025-06-19 02:18:40,O10416,U1012,P5001,Toys,398.41,1
2025-06-19 02:19:00,O10417,U1071,P1002,Electronics,250.65,2
2025-06-19 02:19:20,O10418,U1094,P1002,Electronics,457.48,1
2025-06-19 02:19:40,O10419,U1014,P1001,Electronics,99.84,2
2025-06-19 02:20:00,O10420,U1009,P4001,Books,90.96,1
2025-06-19 02:20:20,O10421,U1049,P4002,Books,448.92,1
2025-06-19 02:20:40,O10422,U1065,P4001,Books,98.73,1
2025-06-19 02:21:00,O10423,U1063,P2002,Clothing,380.49,4
2025-06-19 02:21:20,O10424,U1082,P5001,Toys,16.24,5
2025-06-19 02:21:40,O10425,U1093,P1002,Electronics,11.39,5
2025-06-19 02:22:00,O10426,U1077,P5001,Toys,120.14,1
2025-06-19 02:22:20,O10427,U1032,P1002,Electronics,460.1,3
2025-06-19 02:22:40,O10428,U1090,P3002,Home,469.05,3
2025-06-19 02:23:00,O10429,U1056,P3002,Home,360.77,5
2025-06-19 02:23:20,O10430,U1006,P1001,Electronics,125.42,1
2025-06-19 02:23:40,O10431,U1064,P2001,Clothing,204.41,1
2025-06-19 02:24:00,O10432,U1052,P1002,Electronics,77.55,3
2025-06-19 02:24:20,O10433,U1073,P4002,Books,130.58,4
2025-06-19 02:24:40,O10434,U1075,P1001,Electronics,81.15,5
2025-06-19 02:25:00,O10435,U1009,P3002,Home,434.12,4
2025-06-19 02:25:20,O10436,U1064,P1002,Electronics,327.06,2
2025-06-19 02:25:40,O10437,U1081,P4001,Books,117.33,5
2025-06-19 02:26:00,O10438,U1003,P2001,Clothing,107.78,3
2025-06-19 02:26:20,O10439,U1091,P1001,Electronics,361.13,2
2025-06-19 02:26:40,O10440,U1068,P5001,Toys,469.63,2
2025-06-19 02:27:00,O10441,U1096,P2002,Clothing,30.39,5
2025-06-19 02:27:20,O10442,U1029,P3002,Home,317.6,1
2025-06-19 02:27:40,O10443,U1024,P4002,Books,355.69,2
2025-06-19 02:28:00,O10444,U1005,P4002,Books,185.95,3
2025-06-19 02:28:20,O10445,U1030,P4001,Books,488.77,2
2025-06-19 02:28:40,O10446,U1044,P3001,Home,117.08,1
2025-06-19 02:29:00,O10447,U1007,P5002,Toys,174.11,3
2025-06-19 02:29:20,O10448,U1086,P5002,Toys,440.85,2
2025-06-19 02:29:40,O10449,U1044,P3002,Home,457.73,1
2025-06-19 02:30:00,O10450,U1059,P4001,Books,56.21,3
2025-06-19 02:30:20,O10451,U1079,P4001,Books,383.34,3
2025-06-19 02:30:40,O10452,U1064,P4001,Books,381.65,5
2025-06-19 02:31:00,O10453,U1038,P1001,Electronics,366.91,5
2025-06-19 02:31:20,O10454,U1031,P3002,Home,15.43,4
2025-06-19 02:31:40,O10455,U1068,P5002,Toys,281.39,2
2025-06-19 02:32:00,O10456,U1047,P2002,Clothing,357.58,2
2025-06-19 02:32:20,O10457,U1025,P4002,Books,89.77,3
2025-06-19 02:32:40,O10458,U1057,P4001,Books,214.88,1
2025-06-19 02:33:00,O10459,U1064,P3001,Home,107.77,1
2025-06-19 02:33:20,O10460,U1030,P5001,Toys,16.69,4
2025-06-19 02:33:40,O10461,U1005,P3001,Home,333.48,1
2025-06-19 02:34:00,O10462,U1062,P2002,Clothing,287.97,2
2025-06-19 02:34:20,O10463,U1059,P2002,Clothing,215.04,5
2025-06-19 02:34:40,O10464,U1030,P4001,Books,361.67,4
2025-06-19 02:35:00,O10465,U1008,P2002,Clothing,298.63,2
2025-06-19 02:35:20,O10466,U1060,P5002,Toys,452.19,3
2025-06-19 02:35:40,O10467,U1032,P5002,Toys,362.76,3
2025-06-19 02:36:00,O10468,U1073,P5002,Toys,365.29,4
2025-06-19 02:36:20,O10469,U1062,P2001,Clothing,30.86,4
2025-06-19 02:36:40,O10470,U1081,P2002,Clothing,115.06,5
2025-06-19 02:37:00,O10471,U1079,P3002,Home,425.53,3
2025-06-19 02:37:20,O10472,U1091,P4002,Books,263.79,5
2025-06-19 02:37:40,O10473,U1040,P4002,Books,220.04,2
2025-06-19 02:38:00,O10474,U1076,P3002,Home,303.92,3
2025-06-19 02:38:20,O10475,U1023,P1002,Electronics,90.19,1
2025-06-19 02:38:40,O10476,U1096,P5002,Toys,481.92,5
2025-06-19 02:39:00,O10477,U1079,P3002,Home,389.27,5
2025-06-19 02:39:20,O10478,U1070,P5002,Toys,119.99,2
2025-06-19 02:39:40,O10479,U1049,P3001,Home,32.56,5
2025-06-19 02:40:00,O10480,U1091,P5002,Toys,488.42,2
2025-06-19 02:40:20,O10481,U1068,P3001,Home,29.13,2
2025-06-19 02:40:40,O10482,U1029,P5002,Toys,478.73,3
2025-06-19 02:41:00,O10483,U1037,P1002,Electronics,382.82,4
2025-06-19 02:41:20,O10484,U1032,P3002,Home,302.1,4
2025-06-19 02:41:40,O10485,U1034,P1002,Electronics,426.64,2
2025-06-19 02:42:00,O10486,U1099,P4002,Books,446.02,3
2025-06-19 02:42:20,O10487,U1052,P3001,Home,182.83,2
2025-06-19 02:42:40,O10488,U1025,P1001,Electronics,12.53,5
2025-06-19 02:43:00,O10489,U1006,P4001,Books,448.65,5
2025-06-19 02:43:20,O10490,U1041,P5001,Toys,487.85,3
2025-06-19 02:43:40,O10491,U1012,P1001,Electronics,295.93,4
2025-06-19 02:44:00,O10492,U1032,P5001,Toys,135.28,4
2025-06-19 02:44:20,O10493,U1093,P1002,Electronics,238.83,1
2025-06-19 02:44:40,O10494,U1024,P3002,Home,147.8,4
2025-06-19 02:45:00,O10495,U1007,P2002,Clothing,281.15,3
2025-06-19 02:45:20,O10496,U1013,P1001,Electronics,132.61,5
2025-06-19 02:45:40,O10497,U1029,P2001,Clothing,311.04,5
2025-06-19 02:46:00,O10498,U1039,P4001,Books,346.34,1
2025-06-19 02:46:20,O10499,U1084,P1002,Electronics,197.68,1
2025-06-19 02:46:40,O10500,U1003,P1001,Electronics,134.97,5
2025-06-19 02:47:00,O10501,U1019,P4002,Books,127.95,2
2025-06-19 02:47:20,O10502,U1081,P1002,Electronics,264.0,5
2025-06-19 02:47:40,O10503,U1060,P3001,Home,289.75,2
2025-06-19 02:48:00,O10504,U1002,P5001,Toys,99.27,3
2025-06-19 02:48:20,O10505,U1097,P2002,Clothing,420.24,5
2025-06-19 02:48:40,O10506,U1091,P4001,Books,371.32,4
2025-06-19 02:49:00,O10507,U1058,P2002,Clothing,21.71,5
2025-06-19 02:49:20,O10508,U1015,P4001,Books,210.1,4
2025-06-19 02:49:40,O10509,U1078,P2002,Clothing,357.76,5
2025-06-19 02:50:00,O10510,U1088,P3002,Home,98.77,5
2025-06-19 02:50:20,O10511,U1050,P5002,Toys,436.18,3
2025-06-19 02:50:40,O10512,U1027,P3001,Home,45.45,5
2025-06-19 02:51:00,O10513,U1049,P1001,Electronics,8.94,5
2025-06-19 02:51:20,O10514,U1092,P3001,Home,499.97,5
2025-06-19 02:51:40,O10515,U1002,P1001,Electronics,414.06,1
2025-06-19 02:52:00,O10516,U1060,P4002,Books,263.06,5
2025-06-19 02:52:20,O10517,U1028,P3001,Home,262.93,1
2025-06-19 02:52:40,O10518,U1006,P3001,Home,44.83,1
2025-06-19 02:53:00,O10519,U1045,P3002,Home,198.87,4
2025-06-19 02:53:20,O10520,U1074,P1001,Electronics,362.73,5
2025-06-19 02:53:40,O10521,U1080,P5001,Toys,458.29,1
2025-06-19 02:54:00,O10522,U1062,P5002,Toys,425.94,1
2025-06-19 02:54:20,O10523,U1041,P1001,Electronics,327.98,1
2025-06-19 02:54:40,O10524,U1055,P2002,Clothing,466.05,5
2025-06-19 02:55:00,O10525,U1006,P5002,Toys,439.62,5
2025-06-19 02:55:20,O10526,U1079,P2001,Clothing,497.2,4
2025-06-19 02:55:40,O10527,U1066,P5001,Toys,265.45,5
2025-06-19 02:56:00,O10528,U1084,P4001,Books,384.24,4
2025-06-19 02:56:20,O10529,U1048,P3001,Home,64.28,5
2025-06-19 02:56:40,O10530,U1036,P1001,Electronics,236.41,3
2025-06-19 02:57:00,O10531,U1005,P5002,Toys,161.76,3
2025-06-19 02:57:20,O10532,U1028,P2001,Clothing,404.53,1
2025-06-19 02:57:40,O10533,U1027,P5002,Toys,163.22,4
2025-06-19 02:58:00,O10534,U1010,P5001,Toys,349.82,3
2025-06-19 02:58:20,O10535,U1056,P2002,Clothing,365.57,4
2025-06-19 02:58:40,O10536,U1043,P3002,Home,351.67,4
2025-06-19 02:59:00,O10537,U1012,P1002,Electronics,442.99,3
2025-06-19 02:59:20,O10538,U1024,P5001,Toys,176.21,1
2025-06-19 02:59:40,O10539,U1096,P5002,Toys,142.98,1
2025-06-19 03:00:00,O10540,U1065,P4001,Books,298.55,5
2025-06-19 03:00:20,O10541,U1044,P4002,Books,447.27,1
2025-06-19 03:00:40,O10542,U1008,P2002,Clothing,467.5,2
2025-06-19 03:01:00,O10543,U1032,P3002,Home,362.25,3
2025-06-19 03:01:20,O10544,U1009,P2001,Clothing,448.62,5
2025-06-19 03:01:40,O10545,U1044,P2001,Clothing,341.02,2
2025-06-19 03:02:00,O10546,U1063,P3001,Home,387.5,1
2025-06-19 03:02:20,O10547,U1037,P4001,Books,281.9,4
2025-06-19 03:02:40,O10548,U1032,P3001,Home,39.55,2
2025-06-19 03:03:00,O10549,U1076,P3001,Home,8.82,4
2025-06-19 03:03:20,O10550,U1045,P1001,Electronics,290.31,3
2025-06-19 03:03:40,O10551,U1053,P3001,Home,159.14,5
2025-06-19 03:04:00,O10552,U1016,P3002,Home,285.2,5
2025-06-19 03:04:20,O10553,U1033,P2002,Clothing,273.06,3
2025-06-19 03:04:40,O10554,U1014,P2002,Clothing,240.34,2
2025-06-19 03:05:00,O10555,U1012,P1002,Electronics,9.64,3
2025-06-19 03:05:20,O10556,U1090,P2001,Clothing,151.26,3
2025-06-19 03:05:40,O10557,U1043,P5002,Toys,253.28,2
2025-06-19 03:06:00,O10558,U1061,P4001,Books,32.03,2
2025-06-19 03:06:20,O10559,U1008,P2001,Clothing,359.77,5
2025-06-19 03:06:40,O10560,U1039,P3002,Home,398.54,3
2025-06-19 03:07:00,O10561,U1064,P3001,Home,327.72,3
2025-06-19 03:07:20,O10562,U1034,P2002,Clothing,421.55,5
2025-06-19 03:07:40,O10563,U1096,P1001,Electronics,231.33,4
2025-06-19 03:08:00,O10564,U1044,P4001,Books,228.73,5
2025-06-19 03:08:20,O10565,U1045,P5001,Toys,433.75,2
2025-06-19 03:08:40,O10566,U1065,P1002,Electronics,61.45,2
2025-06-19 03:09:00,O10567,U1075,P3001,Home,122.73,1
2025-06-19 03:09:20,O10568,U1093,P3002,Home,476.67,5
2025-06-19 03:09:40,O10569,U1035,P2001,Clothing,407.01,4
2025-06-19 03:10:00,O10570,U1046,P2001,Clothing,131.86,3
2025-06-19 03:10:20,O10571,U1039,P4002,Books,84.13,3
2025-06-19 03:10:40,O10572,U1066,P3002,Home,159.28,1
2025-06-19 03:11:00,O10573,U1049,P1002,Electronics,441.3,4
2025-06-19 03:11:20,O10574,U1067,P2001,Clothing,426.94,4
2025-06-19 03:11:40,O10575,U1058,P3002,Home,420.42,4
2025-06-19 03:12:00,O10576,U1006,P2001,Clothing,38.11,2
2025-06-19 03:12:20,O10577,U1061,P4001,Books,217.0,5
2025-06-19 03:12:40,O10578,U1084,P2001,Clothing,158.51,2
2025-06-19 03:13:00,O10579,U1027,P3001,Home,26.04,2
2025-06-19 03:13:20,O10580,U1007,P1001,Electronics,287.61,3
2025-06-19 03:13:40,O10581,U1030,P3002,Home,255.13,2
2025-06-19 03:14:00,O10582,U1031,P5002,Toys,21.72,5
2025-06-19 03:14:20,O10583,U1072,P3001,Home,218.83,5
2025-06-19 03:14:40,O10584,U1041,P2002,Clothing,168.01,4
2025-06-19 03:15:00,O10585,U1033,P4001,Books,100.65,4
2025-06-19 03:15:20,O10586,U1066,P3002,Home,370.79,2
2025-06-19 03:15:40,O10587,U1010,P2001,Clothing,391.25,1
2025-06-19 03:16:00,O10588,U1027,P4001,Books,212.82,3
2025-06-19 03:16:20,O10589,U1072,P4001,Books,86.52,5
2025-06-19 03:16:40,O10590,U1000,P2002,Clothing,196.17,3
2025-06-19 03:17:00,O10591,U1041,P4001,Books,211.64,1
2025-06-19 03:17:20,O10592,U1071,P3002,Home,61.08,1
2025-06-19 03:17:40,O10593,U1086,P4001,Books,273.4,2
2025-06-19 03:18:00,O10594,U1072,P3001,Home,220.33,2
2025-06-19 03:18:20,O10595,U1081,P1001,Electronics,168.47,4
2025-06-19 03:18:40,O10596,U1003,P1001,Electronics,478.64,5
2025-06-19 03:19:00,O10597,U1022,P4001,Books,374.14,4
2025-06-19 03:19:20,O10598,U1000,P2001,Clothing,121.48,3
2025-06-19 03:19:40,O10599,U1059,P4002,Books,309.56,4
2025-06-19 03:20:00,O10600,U1016,P1001,Electronics,364.52,2
2025-06-19 03:20:20,O10601,U1008,P3001,Home,59.62,3
2025-06-19 03:20:40,O10602,U1058,P3002,Home,364.09,4
2025-06-19 03:21:00,O10603,U1077,P5002,Toys,287.18,4
2025-06-19 03:21:20,O10604,U1023,P2002,Clothing,98.64,4
2025-06-19 03:21:40,O10605,U1073,P5002,Toys,451.17,3
2025-06-19 03:22:00,O10606,U1061,P5001,Toys,379.48,5
2025-06-19 03:22:20,O10607,U1030,P3002,Home,147.9,5
2025-06-19 03:22:40,O10608,U1008,P3001,Home,51.04,1
2025-06-19 03:23:00,O10609,U1080,P4001,Books,333.22,3
2025-06-19 03:23:20,O10610,U1053,P1001,Electronics,92.23,1
2025-06-19 03:23:40,O10611,U1025,P3001,Home,11.61,4
2025-06-19 03:24:00,O10612,U1000,P4002,Books,390.91,4
2025-06-19 03:24:20,O10613,U1057,P3001,Home,195.04,1
2025-06-19 03:24:40,O10614,U1020,P3001,Home,333.19,3
2025-06-19 03:25:00,O10615,U1025,P3002,Home,93.26,4
2025-06-19 03:25:20,O10616,U1021,P2001,Clothing,39.27,2
2025-06-19 03:25:40,O10617,U1008,P3001,Home,336.55,3
2025-06-19 03:26:00,O10618,U1039,P4001,Books,165.41,2
2025-06-19 03:26:20,O10619,U1023,P3002,Home,149.1,2
2025-06-19 03:26:40,O10620,U1063,P1001,Electronics,422.4,1
2025-06-19 03:27:00,O10621,U1054,P1002,Electronics,27.57,4
2025-06-19 03:27:20,O10622,U1042,P4001,Books,365.12,2
2025-06-19 03:27:40,O10623,U1073,P3001,Home,276.74,5
2025-06-19 03:28:00,O10624,U1024,P2002,Clothing,332.73,2
2025-06-19 03:28:20,O10625,U1091,P2001,Clothing,432.9,1
2025-06-19 03:28:40,O10626,U1029,P4002,Books,10.49,2
2025-06-19 03:29:00,O10627,U1076,P5002,Toys,270.37,2
2025-06-19 03:29:20,O10628,U1096,P3001,Home,243.13,4
2025-06-19 03:29:40,O10629,U1021,P3002,Home,493.48,2
2025-06-19 03:30:00,O10630,U1013,P1001,Electronics,282.76,3
2025-06-19 03:30:20,O10631,U1045,P2001,Clothing,12.04,5
2025-06-19 03:30:40,O10632,U1070,P4001,Books,180.78,1
2025-06-19 03:31:00,O10633,U1031,P1002,Electronics,205.65,4
2025-06-19 03:31:20,O10634,U1001,P2001,Clothing,253.37,1
2025-06-19 03:31:40,O10635,U1073,P5001,Toys,126.38,1
2025-06-19 03:32:00,O10636,U1040,P1002,Electronics,371.17,2
2025-06-19 03:32:20,O10637,U1051,P1002,Electronics,71.48,3
2025-06-19 03:32:40,O10638,U1060,P3001,Home,140.28,4
2025-06-19 03:33:00,O10639,U1040,P3002,Home,393.03,4
2025-06-19 03:33:20,O10640,U1017,P5001,Toys,374.79,4
2025-06-19 03:33:40,O10641,U1035,P2002,Clothing,77.46,2
2025-06-19 03:34:00,O10642,U1030,P5001,Toys,270.36,5
2025-06-19 03:34:20,O10643,U1071,P3001,Home,110.53,5
2025-06-19 03:34:40,O10644,U1046,P5001,Toys,414.77,3
2025-06-19 03:35:00,O10645,U1038,P2002,Clothing,292.93,4
2025-06-19 03:35:20,O10646,U1090,P3001,Home,41.72,4
2025-06-19 03:35:40,O10647,U1079,P2001,Clothing,47.85,5
2025-06-19 03:36:00,O10648,U1011,P2001,Clothing,256.9,5
2025-06-19 03:36:20,O10649,U1061,P3001,Home,48.65,2
2025-06-19 03:36:40,O10650,U1042,P2001,Clothing,383.6,2
2025-06-19 03:37:00,O10651,U1002,P3001,Home,432.33,5
2025-06-19 03:37:20,O10652,U1045,P4002,Books,421.11,1
2025-06-19 03:37:40,O10653,U1032,P5002,Toys,56.8,5
2025-06-19 03:38:00,O10654,U1063,P5002,Toys,438.14,4
2025-06-19 03:38:20,O10655,U1059,P3002,Home,281.27,3
2025-06-19 03:38:40,O10656,U1013,P2002,Clothing,341.22,3
2025-06-19 03:39:00,O10657,U1052,P2002,Clothing,399.21,4
2025-06-19 03:39:20,O10658,U1051,P2001,Clothing,397.12,5
2025-06-19 03:39:40,O10659,U1040,P1002,Electronics,241.42,1
2025-06-19 03:40:00,O10660,U1084,P2002,Clothing,235.29,5
2025-06-19 03:40:20,O10661,U1004,P4001,Books,146.54,5
2025-06-19 03:40:40,O10662,U1097,P1001,Electronics,266.33,1
2025-06-19 03:41:00,O10663,U1045,P2001,Clothing,20.46,2
2025-06-19 03:41:20,O10664,U1030,P1002,Electronics,89.88,1
2025-06-19 03:41:40,O10665,U1015,P5001,Toys,447.12,5
2025-06-19 03:42:00,O10666,U1015,P3001,Home,100.18,3
2025-06-19 03:42:20,O10667,U1028,P2002,Clothing,355.25,1
2025-06-19 03:42:40,O10668,U1047,P2002,Clothing,455.2,2
2025-06-19 03:43:00,O10669,U1041,P2002,Clothing,108.49,1
2025-06-19 03:43:20,O10670,U1035,P2002,Clothing,442.05,1
2025-06-19 03:43:40,O10671,U1043,P1002,Electronics,358.21,3
2025-06-19 03:44:00,O10672,U1090,P5002,Toys,161.83,1
2025-06-19 03:44:20,O10673,U1088,P4002,Books,353.73,1
2025-06-19 03:44:40,O10674,U1042,P1002,Electronics,153.01,5
2025-06-19 03:45:00,O10675,U1027,P3001,Home,427.82,5
2025-06-19 03:45:20,O10676,U1070,P1001,Electronics,83.34,2
2025-06-19 03:45:40,O10677,U1008,P2001,Clothing,254.21,1
2025-06-19 03:46:00,O10678,U1076,P5001,Toys,51.38,1
2025-06-19 03:46:20,O10679,U1036,P1002,Electronics,232.72,4
2025-06-19 03:46:40,O10680,U1021,P1002,Electronics,146.2,2
2025-06-19 03:47:00,O10681,U1041,P3001,Home,286.72,1
2025-06-19 03:47:20,O10682,U1017,P3001,Home,152.02,2
2025-06-19 03:47:40,O10683,U1036,P3002,Home,21.72,2
2025-06-19 03:48:00,O10684,U1014,P4002,Books,32.94,2
2025-06-19 03:48:20,O10685,U1020,P5001,Toys,492.19,5
2025-06-19 03:48:40,O10686,U1084,P4002,Books,433.54,3
2025-06-19 03:49:00,O10687,U1080,P1002,Electronics,399.91,5
2025-06-19 03:49:20,O10688,U1050,P3002,Home,93.61,3
2025-06-19 03:49:40,O10689,U1052,P2001,Clothing,335.93,2
2025-06-19 03:50:00,O10690,U1026,P3001,Home,188.41,3
2025-06-19 03:50:20,O10691,U1058,P1001,Electronics,149.89,3
2025-06-19 03:50:40,O10692,U1068,P5002,Toys,320.21,5
2025-06-19 03:51:00,O10693,U1074,P2002,Clothing,42.6,4
2025-06-19 03:51:20,O10694,U1069,P1001,Electronics,431.72,1
2025-06-19 03:51:40,O10695,U1083,P4002,Books,188.03,5
2025-06-19 03:52:00,O10696,U1078,P2002,Clothing,316.76,1
2025-06-19 03:52:20,O10697,U1099,P4002,Books,313.72,2
2025-06-19 03:52:40,O10698,U1073,P1002,Electronics,232.07,5
2025-06-19 03:53:00,O10699,U1054,P4002,Books,264.61,3
