trade_id,timestamp,instrument,price,quantity,buyer_id,seller_id
2019_T00112,2019-01-01 14:44:44.170431,AMZN,1492.3,952,B0010,S0074
2019_T00488,2019-01-01 22:16:08.935810,TSLA,213.66,228,B0076,S0022
2019_T00100,2019-01-02 11:16:57.267076,MSFT,309.35,580,B0076,S0041
2019_T00218,2019-01-05 01:28:43.488576,AAPL,543.08,805,B0049,S0084
2019_T00234,2019-01-05 09:19:47.887666,GOOGL,257.16,722,B0029,S0060
2019_T00371,2019-01-05 13:05:00.978384,AMZN,853.18,471,B0014,S0093
2019_T00312,2019-01-06 13:47:38.295664,GOOGL,306.1,69,B0058,S0097
2019_T00486,2019-01-07 06:29:31.506357,AAPL,999.7,628,B0078,S0095
2019_T00431,2019-01-07 11:02:29.114375,AAPL,442.71,722,B0022,S0002
2019_T00123,2019-01-07 12:13:53.729465,MSFT,516.95,816,B0055,S0040
2019_T00290,2019-01-08 08:08:19.999678,AAPL,1419.96,923,B0089,S0056
2019_T00377,2019-01-08 12:48:09.163634,AAPL,779.71,65,B0011,S0091
2019_T00404,2019-01-11 02:45:56.762336,AAPL,952.93,655,B0053,S0064
2019_T00253,2019-01-12 00:42:04.546814,GOOGL,800.7,250,B0017,S0065
2019_T00150,2019-01-13 20:41:24.226318,MSFT,804.91,51,B0008,S0039
2019_T00096,2019-01-14 17:20:15.958564,AAPL,916.65,252,B0033,S0038
2019_T00393,2019-01-15 17:16:48.229346,GOOGL,159.38,815,B0076,S0070
2019_T00462,2019-01-16 01:58:51.915284,MSFT,743.04,352,B0013,S0053
2019_T00436,2019-01-16 16:34:37.904455,TSLA,867.99,858,B0071,S0058
2019_T00471,2019-01-17 06:21:05.332447,AMZN,532.89,911,B0068,S0062
2019_T00395,2019-01-17 10:18:04.394350,MSFT,355.28,178,B0097,S0038
2019_T00107,2019-01-17 15:50:20.581304,MSFT,184.03,740,B0048,S0049
2019_T00439,2019-01-17 20:58:22.711406,AAPL,1408.41,555,B0018,S0093
2019_T00068,2019-01-19 17:54:10.679958,GOOGL,562.95,950,B0036,S0042
2019_T00025,2019-01-20 02:43:38.588534,MSFT,1243.58,512,B0055,S0043
2019_T00026,2019-01-20 05:03:21.005318,AAPL,840.32,760,B0033,S0025
2019_T00326,2019-01-20 14:57:29.245861,TSLA,1010.58,27,B0056,S0071
2019_T00207,2019-01-20 15:03:19.057174,AAPL,546.04,621,B0056,S0027
2019_T00058,2019-01-20 22:54:42.475139,AAPL,196.17,899,B0045,S0029
2019_T00361,2019-01-21 08:13:34.461265,TSLA,841.46,761,B0005,S0046
2019_T00296,2019-01-22 05:55:25.720330,AMZN,829.74,171,B0088,S0027
2019_T00346,2019-01-22 16:40:14.870866,AAPL,101.13,151,B0026,S0072
2019_T00341,2019-01-23 18:12:28.534042,GOOGL,1222.49,91,B0098,S0015
2019_T00186,2019-01-25 16:20:14.008671,AAPL,552.4,448,B0033,S0079
2019_T00161,2019-01-26 18:25:38.306850,GOOGL,711.69,693,B0046,S0001
2019_T00342,2019-01-26 21:45:01.170662,MSFT,922.75,776,B0001,S0026
2019_T00257,2019-01-26 23:42:03.234423,AMZN,560.08,274,B0087,S0015
2019_T00160,2019-01-27 03:13:59.323637,AMZN,377.56,190,B0071,S0018
2019_T00132,2019-01-28 10:59:30.690327,MSFT,348.74,896,B0091,S0037
2019_T00019,2019-01-29 15:19:56.297004,MSFT,544.45,843,B0054,S0065
2019_T00454,2019-01-29 23:35:11.528225,AAPL,1161.19,258,B0006,S0013
2019_T00280,2019-01-30 15:15:13.433194,MSFT,619.18,82,B0068,S0068
2019_T00264,2019-01-31 10:39:48.419187,AMZN,1401.08,58,B0064,S0086
2019_T00008,2019-01-31 16:00:55.851673,GOOGL,726.38,286,B0026,S0046
2019_T00048,2019-02-01 16:46:36.849816,AAPL,890.68,15,B0081,S0027
2019_T00089,2019-02-03 18:17:23.284127,GOOGL,243.0,280,B0029,S0052
2019_T00142,2019-02-03 18:24:17.864586,TSLA,332.8,518,B0081,S0056
2019_T00319,2019-02-04 19:03:02.604475,GOOGL,1467.77,61,B0051,S0077
2019_T00303,2019-02-05 03:10:48.863187,MSFT,918.61,481,B0029,S0025
2019_T00293,2019-02-05 14:59:20.840689,GOOGL,952.69,207,B0005,S0006
2019_T00189,2019-02-05 15:42:58.496964,GOOGL,1039.47,729,B0015,S0075
2019_T00489,2019-02-06 20:13:44.180581,AAPL,1074.58,678,B0032,S0093
2019_T00355,2019-02-08 19:58:42.625714,AMZN,659.14,881,B0087,S0010
2019_T00238,2019-02-08 21:00:22.037869,AAPL,500.74,822,B0088,S0097
2019_T00003,2019-02-11 00:18:31.150281,MSFT,818.71,128,B0062,S0066
2019_T00282,2019-02-11 23:01:33.992896,AAPL,1418.11,225,B0052,S0067
2019_T00204,2019-02-14 04:07:28.533865,AMZN,705.41,269,B0004,S0035
2019_T00120,2019-02-14 05:03:37.383380,MSFT,331.16,920,B0042,S0025
2019_T00310,2019-02-16 01:44:31.029474,AMZN,1293.07,859,B0030,S0069
2019_T00165,2019-02-16 05:52:38.773424,AMZN,350.29,905,B0064,S0070
2019_T00177,2019-02-18 05:25:44.263967,GOOGL,1497.18,759,B0018,S0082
2019_T00065,2019-02-18 22:02:42.950526,AMZN,1290.24,479,B0043,S0020
2019_T00061,2019-02-19 12:06:11.980559,MSFT,1134.66,444,B0085,S0021
2019_T00105,2019-02-19 13:06:34.332466,AAPL,1130.25,152,B0051,S0029
2019_T00226,2019-02-21 12:31:57.120460,TSLA,278.61,52,B0082,S0009
2019_T00136,2019-02-21 16:44:00.307245,TSLA,1106.0,106,B0009,S0049
2019_T00007,2019-02-23 00:03:59.920349,MSFT,712.72,149,B0076,S0045
2019_T00335,2019-02-24 08:07:41.292725,TSLA,919.28,651,B0090,S0014
2019_T00043,2019-02-24 17:19:21.459738,AAPL,111.71,420,B0044,S0054
2019_T00432,2019-02-25 23:02:10.525805,MSFT,643.92,917,B0018,S0069
2019_T00332,2019-02-26 10:28:16.561362,AMZN,285.6,222,B0014,S0058
2019_T00255,2019-02-26 15:41:12.361790,AMZN,124.71,401,B0037,S0031
2019_T00225,2019-02-27 04:02:07.821141,MSFT,819.71,30,B0050,S0094
2019_T00075,2019-02-27 04:39:34.276049,AMZN,444.45,852,B0044,S0040
2019_T00035,2019-02-28 08:24:59.445904,MSFT,957.45,524,B0077,S0093
2019_T00256,2019-02-28 08:42:42.813812,AAPL,800.14,585,B0004,S0077
2019_T00148,2019-02-28 10:30:46.339449,TSLA,512.02,937,B0051,S0046
2019_T00073,2019-02-28 11:03:19.196829,MSFT,1420.34,154,B0040,S0058
2019_T00212,2019-02-28 13:13:06.504766,MSFT,398.51,516,B0049,S0060
2019_T00122,2019-03-02 04:36:29.702504,AMZN,212.46,805,B0042,S0066
2019_T00412,2019-03-02 12:10:38.824688,TSLA,1084.6,608,B0071,S0090
2019_T00219,2019-03-03 04:11:28.569902,MSFT,1456.19,545,B0049,S0052
2019_T00232,2019-03-03 13:00:54.868871,TSLA,1445.05,947,B0030,S0082
2019_T00172,2019-03-03 15:05:26.607778,AMZN,822.73,857,B0041,S0016
2019_T00229,2019-03-04 03:16:19.631843,GOOGL,1498.77,527,B0013,S0020
2019_T00163,2019-03-04 07:07:14.944308,GOOGL,1003.91,655,B0085,S0028
2019_T00258,2019-03-04 09:42:50.494155,TSLA,900.47,139,B0022,S0074
2019_T00013,2019-03-04 20:08:53.416702,MSFT,263.13,10,B0029,S0086
2019_T00390,2019-03-05 14:59:55.446551,AAPL,806.43,64,B0047,S0026
2019_T00070,2019-03-05 15:54:38.995938,MSFT,360.75,881,B0063,S0059
2019_T00016,2019-03-06 01:04:28.649783,TSLA,1486.61,737,B0083,S0036
2019_T00038,2019-03-06 15:32:40.765783,AMZN,774.19,614,B0048,S0032
2019_T00466,2019-03-06 17:18:07.650801,AMZN,711.08,720,B0014,S0073
2019_T00322,2019-03-06 23:09:43.488545,TSLA,1160.83,116,B0018,S0097
2019_T00388,2019-03-07 07:42:08.148451,AAPL,687.34,160,B0026,S0020
2019_T00217,2019-03-08 04:27:50.149186,AAPL,434.1,989,B0022,S0021
2019_T00392,2019-03-09 10:48:00.523816,MSFT,640.83,702,B0093,S0097
2019_T00131,2019-03-10 15:47:54.386655,MSFT,249.77,9,B0068,S0059
2019_T00128,2019-03-10 23:19:58.053341,AMZN,818.84,901,B0022,S0066
2019_T00095,2019-03-11 00:57:29.597703,AMZN,850.74,396,B0071,S0015
2019_T00381,2019-03-11 15:07:08.416223,TSLA,1274.97,715,B0085,S0063
2019_T00474,2019-03-11 16:37:14.973150,AAPL,369.84,773,B0005,S0092
2019_T00202,2019-03-11 16:51:22.459291,AMZN,908.28,639,B0076,S0001
2019_T00479,2019-03-11 19:40:14.228754,AMZN,102.37,647,B0084,S0018
2019_T00199,2019-03-12 08:29:16.920125,TSLA,1338.32,234,B0012,S0002
2019_T00368,2019-03-15 12:27:51.922360,GOOGL,577.64,916,B0025,S0027
2019_T00418,2019-03-16 15:55:12.263130,MSFT,1448.62,86,B0060,S0009
2019_T00494,2019-03-16 22:51:27.739932,MSFT,690.31,832,B0002,S0025
2019_T00458,2019-03-17 06:04:09.996368,TSLA,1297.9,663,B0071,S0038
2019_T00367,2019-03-17 21:19:42.410144,AMZN,299.54,88,B0061,S0029
2019_T00421,2019-03-17 21:58:08.742783,AAPL,934.04,845,B0096,S0039
2019_T00166,2019-03-18 03:40:10.564847,GOOGL,692.85,366,B0082,S0071
2019_T00495,2019-03-19 02:35:53.468400,MSFT,312.11,893,B0072,S0041
2019_T00398,2019-03-20 05:06:38.819828,GOOGL,1312.58,943,B0025,S0003
2019_T00336,2019-03-21 09:57:18.944461,AMZN,626.02,343,B0026,S0006
2019_T00203,2019-03-21 17:19:20.323093,AMZN,708.01,519,B0052,S0058
2019_T00434,2019-03-21 22:38:23.347244,MSFT,1111.34,620,B0020,S0019
2019_T00060,2019-03-22 09:33:23.069415,MSFT,1209.65,446,B0035,S0025
2019_T00099,2019-03-23 11:41:26.778452,GOOGL,125.77,297,B0065,S0046
2019_T00372,2019-03-24 07:51:05.416142,GOOGL,724.58,351,B0084,S0012
2019_T00402,2019-03-25 06:42:33.564062,AMZN,284.27,10,B0054,S0086
2019_T00108,2019-03-26 05:24:02.014744,MSFT,209.28,531,B0011,S0067
2019_T00430,2019-03-27 11:02:46.950199,GOOGL,558.5,116,B0045,S0093
2019_T00266,2019-03-27 12:11:27.137767,MSFT,445.7,933,B0091,S0092
2019_T00018,2019-03-27 12:46:00.728460,TSLA,256.68,338,B0091,S0065
2019_T00094,2019-03-28 03:53:24.655249,AMZN,695.63,48,B0026,S0047
2019_T00059,2019-03-28 08:01:24.158342,GOOGL,629.94,754,B0064,S0042
2019_T00126,2019-03-31 23:54:30.688766,AMZN,1345.45,927,B0035,S0081
2019_T00450,2019-04-01 02:49:13.002815,MSFT,1139.0,130,B0083,S0006
2019_T00485,2019-04-02 01:04:49.791528,AAPL,776.8,363,B0093,S0078
2019_T00087,2019-04-02 14:54:26.017608,AAPL,606.22,57,B0044,S0065
2019_T00149,2019-04-02 15:54:58.876202,TSLA,602.05,831,B0042,S0054
2019_T00133,2019-04-04 22:10:32.557863,GOOGL,1206.26,604,B0023,S0039
2019_T00261,2019-04-05 16:24:43.011582,GOOGL,504.77,809,B0050,S0005
2019_T00022,2019-04-07 01:51:53.011412,TSLA,190.69,814,B0049,S0034
2019_T00291,2019-04-07 17:46:20.055850,MSFT,662.41,965,B0013,S0045
2019_T00130,2019-04-08 19:40:07.221353,AMZN,1437.8,596,B0070,S0055
2019_T00152,2019-04-12 08:12:14.796480,AMZN,663.48,86,B0046,S0095
2019_T00378,2019-04-12 18:35:36.835359,AAPL,547.16,807,B0024,S0001
2019_T00260,2019-04-13 00:16:55.630995,GOOGL,1371.36,203,B0013,S0045
2019_T00076,2019-04-15 11:24:23.100033,TSLA,188.25,781,B0053,S0027
2019_T00278,2019-04-16 00:17:08.060310,TSLA,1260.77,684,B0096,S0045
2019_T00284,2019-04-16 09:49:14.758174,GOOGL,282.93,294,B0039,S0010
2019_T00316,2019-04-16 16:40:06.706636,AAPL,737.09,675,B0062,S0073
2019_T00433,2019-04-17 11:01:09.957225,GOOGL,1246.55,740,B0039,S0023
2019_T00190,2019-04-17 20:05:27.516161,GOOGL,319.22,603,B0042,S0043
2019_T00455,2019-04-18 20:19:58.202453,AMZN,418.69,410,B0072,S0010
2019_T00111,2019-04-19 05:47:49.662584,MSFT,972.88,262,B0005,S0060
2019_T00473,2019-04-19 22:02:34.415649,AAPL,726.25,264,B0048,S0001
2019_T00119,2019-04-21 01:45:45.889913,AAPL,1405.36,470,B0077,S0051
2019_T00168,2019-04-21 07:52:31.170063,AMZN,139.06,905,B0010,S0052
2019_T00243,2019-04-22 07:58:25.588732,AAPL,681.62,242,B0017,S0082
2019_T00240,2019-04-23 10:01:24.149225,AMZN,280.04,476,B0071,S0044
2019_T00006,2019-04-23 19:49:44.984297,TSLA,472.81,463,B0035,S0027
2019_T00231,2019-04-23 22:49:11.794875,AAPL,340.14,824,B0032,S0021
2019_T00052,2019-04-25 02:19:46.589431,TSLA,1406.2,804,B0047,S0009
2019_T00032,2019-04-25 08:13:56.506303,TSLA,150.05,398,B0024,S0085
2019_T00001,2019-04-26 22:47:27.966350,TSLA,562.93,374,B0028,S0044
2019_T00271,2019-04-28 05:38:24.946781,MSFT,1396.59,695,B0097,S0065
2019_T00170,2019-04-28 08:35:08.674660,AAPL,985.28,468,B0017,S0041
2019_T00350,2019-04-28 11:06:23.890059,AMZN,321.3,760,B0015,S0053
2019_T00272,2019-04-28 23:51:40.751484,MSFT,817.12,16,B0038,S0007
2019_T00299,2019-04-29 22:31:52.968738,GOOGL,416.38,67,B0011,S0060
2019_T00391,2019-04-30 21:50:03.368846,GOOGL,698.18,684,B0066,S0049
2019_T00049,2019-05-01 17:16:56.090139,TSLA,1314.3,848,B0093,S0066
2019_T00407,2019-05-03 03:10:00.743129,AAPL,1018.96,407,B0076,S0086
2019_T00077,2019-05-03 04:03:20.354664,AMZN,471.73,373,B0090,S0088
2019_T00328,2019-05-03 22:41:57.735423,AAPL,1030.04,772,B0022,S0069
2019_T00370,2019-05-04 07:39:56.012627,TSLA,188.83,84,B0037,S0077
2019_T00051,2019-05-04 12:34:25.537611,GOOGL,1232.59,78,B0082,S0023
2019_T00416,2019-05-04 17:52:35.416612,AMZN,571.87,560,B0015,S0026
2019_T00129,2019-05-05 05:07:02.655340,TSLA,998.65,924,B0084,S0050
2019_T00030,2019-05-05 21:00:13.071714,AMZN,1476.22,94,B0081,S0099
2019_T00387,2019-05-07 06:47:31.775967,AAPL,197.79,14,B0067,S0076
2019_T00156,2019-05-07 07:38:06.671826,MSFT,987.22,933,B0056,S0012
2019_T00121,2019-05-08 05:06:38.595578,AAPL,164.79,687,B0053,S0087
2019_T00394,2019-05-08 08:26:00.184399,TSLA,1435.53,179,B0054,S0036
2019_T00090,2019-05-08 14:15:31.338163,TSLA,827.73,409,B0075,S0056
2019_T00252,2019-05-10 04:24:11.151378,MSFT,939.8,946,B0065,S0061
2019_T00237,2019-05-13 17:34:45.335402,MSFT,433.0,498,B0030,S0030
2019_T00300,2019-05-13 22:03:49.123940,MSFT,941.89,238,B0025,S0075
2019_T00079,2019-05-14 16:35:30.115848,TSLA,842.42,199,B0001,S0055
2019_T00292,2019-05-16 17:19:21.745541,TSLA,1056.97,827,B0033,S0054
2019_T00042,2019-05-16 22:27:39.752152,GOOGL,829.83,109,B0036,S0060
2019_T00009,2019-05-16 23:19:13.243410,AMZN,489.14,235,B0037,S0086
2019_T00002,2019-05-17 19:02:08.235447,GOOGL,842.57,93,B0076,S0099
2019_T00064,2019-05-18 10:51:56.609717,AMZN,172.55,102,B0002,S0098
2019_T00376,2019-05-18 15:49:02.847286,TSLA,1340.75,562,B0043,S0031
2019_T00206,2019-05-19 18:56:48.816204,AMZN,846.92,7,B0064,S0063
2019_T00354,2019-05-20 12:07:15.775268,MSFT,863.42,988,B0040,S0020
2019_T00084,2019-05-22 01:46:48.122211,GOOGL,209.49,528,B0037,S0082
2019_T00157,2019-05-22 08:06:38.419558,AMZN,1428.12,897,B0002,S0018
2019_T00062,2019-05-22 12:47:02.823964,AMZN,845.45,19,B0020,S0083
2019_T00349,2019-05-22 19:05:46.834458,TSLA,644.11,968,B0004,S0090
2019_T00327,2019-05-26 06:53:41.937330,GOOGL,1130.05,68,B0090,S0096
2019_T00259,2019-05-26 12:49:45.731078,MSFT,1259.28,583,B0059,S0003
2019_T00182,2019-05-27 05:20:55.056922,GOOGL,893.3,891,B0082,S0039
2019_T00426,2019-05-27 06:52:55.781779,MSFT,379.79,519,B0022,S0088
2019_T00071,2019-05-27 17:31:33.795354,TSLA,990.04,234,B0046,S0034
2019_T00403,2019-05-28 05:50:59.152297,MSFT,1259.77,769,B0044,S0016
2019_T00045,2019-05-28 10:15:13.769499,TSLA,328.18,606,B0054,S0002
2019_T00283,2019-05-28 23:53:08.131694,AMZN,1248.02,286,B0083,S0005
2019_T00254,2019-05-31 16:35:34.137036,AAPL,105.27,555,B0027,S0005
2019_T00151,2019-06-01 02:06:56.373371,TSLA,218.9,324,B0047,S0006
2019_T00223,2019-06-01 14:51:31.266834,AAPL,1008.44,632,B0084,S0048
2019_T00245,2019-06-02 20:03:18.511334,AMZN,571.17,346,B0007,S0006
2019_T00384,2019-06-03 08:32:34.727312,MSFT,639.63,528,B0035,S0049
2019_T00438,2019-06-04 08:43:08.371448,MSFT,961.61,256,B0027,S0046
2019_T00487,2019-06-04 17:57:53.369886,GOOGL,1322.45,118,B0052,S0019
2019_T00400,2019-06-06 01:02:17.410053,MSFT,1068.68,456,B0058,S0082
2019_T00078,2019-06-06 17:17:43.597379,TSLA,627.97,478,B0017,S0085
2019_T00228,2019-06-06 23:20:42.493622,MSFT,773.81,935,B0068,S0077
2019_T00382,2019-06-07 09:18:02.370382,TSLA,687.62,592,B0077,S0095
2019_T00440,2019-06-07 14:48:43.536648,MSFT,1346.05,61,B0092,S0093
2019_T00183,2019-06-09 19:33:39.446629,AAPL,907.43,847,B0064,S0014
2019_T00497,2019-06-10 10:03:55.762372,MSFT,852.78,177,B0016,S0039
2019_T00419,2019-06-11 10:45:11.389221,GOOGL,1144.61,321,B0038,S0048
2019_T00460,2019-06-11 12:16:11.425524,AAPL,504.15,110,B0038,S0030
2019_T00307,2019-06-11 18:41:24.256189,AAPL,1253.7,51,B0069,S0053
2019_T00069,2019-06-12 09:00:49.424718,GOOGL,564.82,797,B0007,S0021
2019_T00033,2019-06-13 06:03:58.839592,GOOGL,1440.8,657,B0001,S0062
2019_T00442,2019-06-13 12:38:57.390492,MSFT,1472.74,129,B0040,S0099
2019_T00213,2019-06-14 08:50:43.702103,MSFT,1110.05,560,B0033,S0090
2019_T00020,2019-06-14 10:45:46.785718,AMZN,736.46,190,B0013,S0044
2019_T00304,2019-06-15 15:27:12.612629,MSFT,441.64,920,B0067,S0029
2019_T00039,2019-06-15 15:54:16.130058,MSFT,254.96,887,B0013,S0073
2019_T00029,2019-06-16 02:51:48.935732,GOOGL,181.07,332,B0093,S0085
2019_T00476,2019-06-16 10:10:24.387555,MSFT,799.18,425,B0009,S0002
2019_T00406,2019-06-17 12:11:16.078325,MSFT,1105.8,798,B0080,S0095
2019_T00193,2019-06-18 19:48:44.443754,GOOGL,383.51,846,B0035,S0078
2019_T00040,2019-06-19 14:50:03.441792,TSLA,298.15,310,B0071,S0071
2019_T00357,2019-06-22 20:39:19.013660,AAPL,1252.36,953,B0068,S0046
2019_T00114,2019-06-25 13:06:24.230015,AAPL,963.77,670,B0090,S0025
2019_T00356,2019-06-25 17:00:08.262469,MSFT,1061.62,247,B0062,S0066
2019_T00411,2019-06-28 18:21:46.860640,MSFT,287.63,40,B0063,S0064
2019_T00196,2019-06-29 04:55:45.954302,MSFT,851.97,244,B0075,S0053
2019_T00224,2019-06-30 11:33:13.695637,TSLA,882.55,543,B0050,S0016
2019_T00102,2019-07-02 18:21:32.361061,TSLA,189.75,730,B0017,S0040
2019_T00480,2019-07-03 12:41:55.152518,AMZN,171.57,665,B0051,S0083
2019_T00072,2019-07-03 13:00:26.192638,MSFT,812.38,717,B0059,S0034
2019_T00311,2019-07-03 20:47:44.954646,AAPL,372.09,74,B0033,S0090
2019_T00233,2019-07-04 15:54:01.676556,TSLA,348.67,557,B0042,S0093
2019_T00470,2019-07-04 18:23:27.807124,MSFT,1105.44,878,B0018,S0097
2019_T00041,2019-07-05 14:31:20.897929,GOOGL,278.13,839,B0074,S0042
2019_T00467,2019-07-09 11:05:01.639823,AAPL,169.46,315,B0085,S0063
2019_T00222,2019-07-10 10:58:33.954183,GOOGL,672.06,852,B0057,S0023
2019_T00383,2019-07-11 04:32:17.600988,TSLA,978.4,130,B0070,S0076
2019_T00221,2019-07-11 06:39:31.346847,TSLA,379.3,905,B0013,S0037
2019_T00054,2019-07-11 10:02:48.042243,MSFT,333.84,298,B0086,S0033
2019_T00167,2019-07-11 21:27:29.102967,AAPL,680.89,480,B0073,S0099
2019_T00330,2019-07-12 07:29:18.805603,TSLA,125.81,262,B0006,S0091
2019_T00464,2019-07-12 13:52:04.298753,GOOGL,1192.11,73,B0005,S0060
2019_T00158,2019-07-12 17:33:15.466323,AMZN,913.33,721,B0083,S0017
2019_T00294,2019-07-12 22:07:38.502107,AMZN,1139.77,305,B0032,S0077
2019_T00477,2019-07-12 23:20:47.158183,AAPL,1104.11,715,B0069,S0003
2019_T00366,2019-07-13 20:24:49.381296,AAPL,1458.06,102,B0086,S0011
2019_T00192,2019-07-15 16:49:43.532386,MSFT,1242.68,544,B0062,S0049
2019_T00468,2019-07-16 09:34:17.181109,AAPL,183.17,308,B0098,S0086
2019_T00472,2019-07-16 12:01:24.002136,MSFT,1450.48,733,B0073,S0071
2019_T00275,2019-07-16 20:19:53.826229,TSLA,433.06,279,B0019,S0020
2019_T00374,2019-07-17 14:47:03.964950,MSFT,469.32,49,B0010,S0001
2019_T00281,2019-07-17 21:49:04.423951,TSLA,624.45,720,B0021,S0095
2019_T00453,2019-07-19 01:41:44.438552,TSLA,886.67,763,B0008,S0080
2019_T00185,2019-07-20 06:07:21.740020,GOOGL,546.98,860,B0090,S0024
2019_T00249,2019-07-20 12:28:44.840422,AAPL,147.34,535,B0012,S0042
2019_T00080,2019-07-21 04:39:34.219892,MSFT,579.06,388,B0050,S0044
2019_T00265,2019-07-21 21:55:47.249386,GOOGL,1389.32,774,B0086,S0016
2019_T00445,2019-07-22 19:45:07.291591,MSFT,1489.84,982,B0042,S0017
2019_T00340,2019-07-24 06:47:01.853027,MSFT,527.83,146,B0004,S0091
2019_T00216,2019-07-24 11:57:21.409588,TSLA,1461.75,641,B0068,S0026
2019_T00420,2019-07-24 22:17:58.486563,AMZN,1219.34,833,B0026,S0062
2019_T00375,2019-07-25 03:29:38.722041,GOOGL,340.43,117,B0039,S0082
2019_T00380,2019-07-26 10:57:36.881686,MSFT,1456.37,881,B0025,S0076
2019_T00345,2019-07-26 22:52:34.979273,AAPL,328.16,952,B0088,S0034
2019_T00117,2019-07-29 00:24:20.021515,MSFT,563.31,333,B0018,S0038
2019_T00363,2019-07-29 14:56:04.942963,AAPL,716.03,639,B0033,S0073
2019_T00236,2019-07-29 15:34:09.617572,TSLA,502.87,102,B0063,S0044
2019_T00447,2019-07-29 18:45:42.754638,MSFT,920.15,994,B0060,S0078
2019_T00169,2019-07-29 21:47:39.970429,TSLA,665.36,908,B0064,S0060
2019_T00057,2019-07-30 10:43:26.585731,GOOGL,1078.36,631,B0019,S0080
2019_T00085,2019-07-30 18:53:28.626954,MSFT,629.64,539,B0018,S0036
2019_T00429,2019-07-31 21:56:21.087794,AAPL,1357.26,485,B0046,S0093
2019_T00302,2019-08-01 00:32:17.335547,TSLA,1001.66,161,B0046,S0030
2019_T00215,2019-08-01 07:48:43.970102,TSLA,723.78,715,B0008,S0055
2019_T00493,2019-08-01 20:45:10.677048,TSLA,1486.31,706,B0059,S0052
2019_T00331,2019-08-04 19:47:10.828721,TSLA,1363.63,858,B0093,S0099
2019_T00446,2019-08-06 23:53:31.990468,AMZN,787.02,733,B0062,S0039
2019_T00321,2019-08-07 09:44:09.682099,MSFT,1316.9,761,B0025,S0076
2019_T00338,2019-08-08 12:58:59.303607,MSFT,1200.73,423,B0013,S0004
2019_T00098,2019-08-08 20:20:07.136396,MSFT,316.36,329,B0009,S0082
2019_T00106,2019-08-08 23:07:37.834203,GOOGL,1295.76,617,B0009,S0050
2019_T00386,2019-08-09 07:54:02.808559,AAPL,555.31,422,B0068,S0024
2019_T00011,2019-08-10 15:42:40.129831,AMZN,794.99,900,B0099,S0017
2019_T00484,2019-08-11 16:27:30.397335,AMZN,464.87,631,B0053,S0070
2019_T00313,2019-08-12 23:37:32.803156,MSFT,1444.95,632,B0045,S0038
2019_T00247,2019-08-14 03:13:55.545931,TSLA,146.97,594,B0046,S0068
2019_T00050,2019-08-16 11:30:00.484122,AMZN,1318.57,58,B0019,S0029
2019_T00270,2019-08-16 12:49:53.330725,AMZN,675.58,571,B0017,S0075
2019_T00274,2019-08-17 18:48:44.012357,GOOGL,174.15,776,B0052,S0039
2019_T00164,2019-08-17 21:49:11.682705,AMZN,558.37,687,B0095,S0004
2019_T00279,2019-08-18 04:32:31.313009,MSFT,495.79,964,B0059,S0014
2019_T00396,2019-08-18 21:18:23.491007,AAPL,522.02,434,B0019,S0018
2019_T00309,2019-08-19 15:13:48.935483,TSLA,1353.49,227,B0032,S0010
2019_T00195,2019-08-22 12:25:07.545474,TSLA,1173.73,584,B0042,S0041
2019_T00417,2019-08-22 12:41:31.110468,TSLA,1131.57,266,B0047,S0094
2019_T00031,2019-08-23 04:50:28.632361,AAPL,484.35,830,B0059,S0039
2019_T00288,2019-08-25 19:26:01.537664,GOOGL,788.24,263,B0092,S0056
2019_T00067,2019-08-25 23:46:50.660014,AAPL,1000.2,490,B0091,S0031
2019_T00140,2019-08-25 23:55:51.342795,GOOGL,1214.0,595,B0077,S0081
2019_T00210,2019-08-26 18:19:59.460447,GOOGL,1395.39,270,B0022,S0094
2019_T00113,2019-08-26 20:05:35.375578,TSLA,1346.97,552,B0006,S0018
2019_T00101,2019-08-27 09:26:10.665082,AAPL,312.22,370,B0068,S0097
2019_T00369,2019-08-28 10:22:30.348568,GOOGL,208.62,594,B0093,S0053
2019_T00188,2019-08-28 17:28:14.153842,TSLA,321.31,858,B0064,S0078
2019_T00448,2019-08-28 20:56:55.090532,MSFT,1152.38,620,B0068,S0071
2019_T00036,2019-08-28 22:16:00.497469,GOOGL,924.81,306,B0043,S0095
2019_T00134,2019-08-30 05:07:17.348635,AMZN,1242.09,152,B0052,S0003
2019_T00139,2019-08-30 19:05:26.177867,TSLA,251.07,69,B0071,S0041
2019_T00066,2019-08-30 20:30:08.044510,GOOGL,581.49,442,B0069,S0012
2019_T00091,2019-08-31 18:02:53.447923,AMZN,359.81,362,B0067,S0021
2019_T00005,2019-08-31 19:40:07.545472,AAPL,593.2,428,B0048,S0047
2019_T00325,2019-09-01 23:44:13.347260,AAPL,794.7,87,B0007,S0081
2019_T00308,2019-09-02 09:30:27.868934,AAPL,450.55,764,B0092,S0079
2019_T00175,2019-09-02 10:23:59.983585,AAPL,1025.54,554,B0003,S0098
2019_T00347,2019-09-02 22:34:30.984318,MSFT,1401.77,615,B0097,S0009
2019_T00055,2019-09-03 11:35:48.816815,AMZN,354.25,835,B0092,S0054
2019_T00144,2019-09-04 17:44:23.338784,AMZN,587.94,598,B0022,S0078
2019_T00028,2019-09-05 02:31:33.961996,MSFT,1289.44,795,B0039,S0075
2019_T00187,2019-09-05 04:06:58.236941,AMZN,206.43,61,B0023,S0085
2019_T00244,2019-09-05 20:36:48.938782,MSFT,1073.1,373,B0090,S0046
2019_T00135,2019-09-05 22:02:09.734275,TSLA,1357.21,238,B0033,S0047
2019_T00459,2019-09-05 23:47:32.049536,MSFT,1248.97,201,B0046,S0007
2019_T00399,2019-09-06 02:37:07.396874,TSLA,756.77,369,B0037,S0061
2019_T00401,2019-09-07 14:17:37.112718,TSLA,840.39,814,B0051,S0044
2019_T00423,2019-09-07 14:49:34.251968,AAPL,1089.1,714,B0054,S0085
2019_T00116,2019-09-08 14:56:30.487490,AAPL,1065.34,715,B0089,S0075
2019_T00360,2019-09-08 15:38:26.446607,AAPL,869.68,327,B0045,S0015
2019_T00097,2019-09-09 01:57:04.494901,MSFT,666.85,117,B0084,S0046
2019_T00491,2019-09-12 17:21:56.174558,GOOGL,735.16,983,B0019,S0020
2019_T00441,2019-09-13 08:10:39.139190,AMZN,511.83,621,B0016,S0045
2019_T00437,2019-09-13 08:56:04.310517,AMZN,1326.62,885,B0023,S0088
2019_T00351,2019-09-13 20:28:11.171578,GOOGL,179.5,792,B0006,S0051
2019_T00230,2019-09-14 02:40:25.301409,AAPL,617.83,63,B0017,S0086
2019_T00413,2019-09-14 20:15:06.079041,TSLA,1443.41,794,B0018,S0074
2019_T00492,2019-09-15 04:35:40.547701,AMZN,479.75,561,B0082,S0017
2019_T00481,2019-09-16 03:18:51.242831,AMZN,526.69,680,B0005,S0044
2019_T00452,2019-09-16 08:45:59.517687,GOOGL,1219.77,684,B0033,S0057
2019_T00154,2019-09-16 12:14:57.388985,GOOGL,739.64,115,B0027,S0069
2019_T00082,2019-09-16 12:18:15.769416,TSLA,1181.25,841,B0012,S0011
2019_T00248,2019-09-16 21:22:27.792334,TSLA,799.23,361,B0065,S0030
2019_T00389,2019-09-17 22:22:36.203258,GOOGL,433.1,964,B0068,S0042
2019_T00364,2019-09-17 22:36:12.823117,AAPL,729.77,279,B0098,S0039
2019_T00379,2019-09-20 11:40:45.879972,TSLA,1319.42,627,B0007,S0089
2019_T00241,2019-09-20 18:37:08.127282,TSLA,665.85,835,B0087,S0095
2019_T00314,2019-09-21 19:45:50.124936,GOOGL,967.82,614,B0066,S0042
2019_T00124,2019-09-23 03:22:27.832849,GOOGL,972.08,148,B0005,S0085
2019_T00127,2019-09-23 10:13:17.410145,AAPL,171.03,165,B0026,S0012
2019_T00451,2019-09-23 18:03:47.232996,AMZN,935.69,761,B0096,S0009
2019_T00358,2019-09-23 19:29:29.911183,TSLA,925.16,808,B0055,S0087
2019_T00015,2019-09-24 23:26:18.543981,AAPL,1112.68,729,B0018,S0088
2019_T00263,2019-09-25 02:35:02.000719,AMZN,538.18,109,B0060,S0052
2019_T00246,2019-09-26 15:51:58.413542,GOOGL,755.75,499,B0037,S0064
2019_T00344,2019-09-27 09:04:20.010971,AMZN,994.87,732,B0024,S0092
2019_T00457,2019-09-28 02:17:44.329011,MSFT,323.6,922,B0009,S0072
2019_T00004,2019-09-28 03:51:19.709315,TSLA,273.22,22,B0078,S0006
2019_T00277,2019-09-28 12:19:42.653469,GOOGL,943.06,907,B0072,S0008
2019_T00063,2019-09-29 12:56:27.944623,GOOGL,280.69,485,B0012,S0009
2019_T00014,2019-09-30 18:57:45.537990,AAPL,909.09,563,B0094,S0010
2019_T00315,2019-10-01 04:29:38.642995,AMZN,1122.48,828,B0094,S0064
2019_T00162,2019-10-02 08:07:36.056528,AAPL,987.28,348,B0010,S0039
2019_T00409,2019-10-03 03:21:28.043170,MSFT,640.67,813,B0083,S0076
2019_T00092,2019-10-03 06:33:43.358384,AAPL,826.42,234,B0082,S0001
2019_T00211,2019-10-05 07:47:03.949351,AAPL,187.27,46,B0080,S0008
2019_T00483,2019-10-06 07:57:58.466977,TSLA,625.36,518,B0071,S0097
2019_T00180,2019-10-06 14:38:41.474090,MSFT,422.52,299,B0013,S0064
2019_T00197,2019-10-06 16:16:59.402016,AMZN,1319.33,998,B0051,S0027
2019_T00251,2019-10-06 19:27:38.360160,TSLA,120.83,682,B0029,S0004
2019_T00306,2019-10-07 02:12:38.019592,MSFT,945.44,748,B0091,S0058
2019_T00171,2019-10-08 11:32:29.743022,TSLA,219.66,850,B0067,S0008
2019_T00138,2019-10-09 00:08:40.390225,AMZN,208.48,770,B0022,S0038
2019_T00083,2019-10-09 03:20:37.102562,AAPL,1448.68,881,B0023,S0027
2019_T00297,2019-10-09 03:48:57.937029,GOOGL,1280.82,910,B0020,S0065
2019_T00427,2019-10-10 01:18:19.964595,MSFT,205.33,758,B0045,S0040
2019_T00179,2019-10-10 15:27:15.657564,AAPL,426.51,27,B0019,S0074
2019_T00081,2019-10-10 16:16:44.638099,GOOGL,1074.15,945,B0021,S0035
2019_T00153,2019-10-12 20:07:55.257617,MSFT,377.54,988,B0028,S0033
2019_T00056,2019-10-12 20:40:26.764859,AMZN,139.27,783,B0077,S0089
2019_T00410,2019-10-15 16:33:31.033996,MSFT,549.27,683,B0016,S0090
2019_T00422,2019-10-16 03:15:49.386948,AAPL,176.33,335,B0038,S0087
2019_T00337,2019-10-16 13:07:34.176517,AMZN,454.11,256,B0066,S0052
2019_T00184,2019-10-16 15:47:30.063413,TSLA,726.87,806,B0081,S0026
2019_T00115,2019-10-17 04:57:14.438774,TSLA,611.41,826,B0039,S0020
2019_T00317,2019-10-18 03:07:25.050745,GOOGL,597.97,416,B0094,S0014
2019_T00449,2019-10-18 16:37:36.686836,TSLA,1311.28,500,B0096,S0052
2019_T00103,2019-10-19 22:49:03.193479,MSFT,1232.62,296,B0031,S0079
2019_T00176,2019-10-21 21:40:59.055515,AAPL,275.53,471,B0091,S0038
2019_T00482,2019-10-22 08:02:51.511843,GOOGL,829.45,794,B0013,S0025
2019_T00333,2019-10-22 15:10:33.840777,AAPL,945.31,855,B0055,S0064
2019_T00496,2019-10-22 15:46:49.727774,AMZN,364.2,129,B0023,S0036
2019_T00435,2019-10-23 12:48:55.484534,AMZN,908.56,628,B0022,S0042
2019_T00214,2019-10-23 13:38:49.656529,TSLA,532.86,875,B0052,S0036
2019_T00425,2019-10-24 05:11:58.218735,AMZN,302.99,96,B0027,S0022
2019_T00012,2019-10-24 09:26:26.134611,TSLA,1278.59,396,B0065,S0013
2019_T00178,2019-10-24 23:22:47.581712,AMZN,122.73,782,B0047,S0028
2019_T00287,2019-10-25 16:09:03.596408,GOOGL,704.35,808,B0092,S0072
2019_T00125,2019-10-25 22:17:19.974737,AMZN,490.77,79,B0065,S0063
2019_T00343,2019-10-26 20:14:27.873010,MSFT,1368.46,998,B0020,S0017
2019_T00220,2019-10-27 00:56:22.980368,AMZN,546.45,956,B0076,S0015
2019_T00301,2019-10-27 21:55:03.956783,AMZN,829.34,670,B0005,S0006
2019_T00324,2019-10-28 07:48:10.422207,AMZN,1118.59,191,B0050,S0013
2019_T00200,2019-10-28 15:26:26.101266,AMZN,860.95,528,B0062,S0079
2019_T00173,2019-10-29 06:46:34.961536,AMZN,605.11,565,B0063,S0077
2019_T00023,2019-10-29 21:46:19.443154,TSLA,1466.51,989,B0044,S0015
2019_T00500,2019-10-30 08:05:55.631746,GOOGL,392.06,835,B0004,S0067
2019_T00093,2019-10-30 15:29:48.424263,MSFT,556.59,195,B0042,S0057
2019_T00273,2019-10-30 23:12:44.720938,GOOGL,279.21,44,B0044,S0066
2019_T00305,2019-10-31 00:22:20.472090,AAPL,973.43,509,B0014,S0045
2019_T00414,2019-11-02 10:08:15.720551,GOOGL,1265.97,734,B0026,S0023
2019_T00227,2019-11-03 02:06:20.057970,MSFT,782.82,285,B0004,S0050
2019_T00159,2019-11-04 08:12:27.291689,GOOGL,442.28,680,B0001,S0096
2019_T00298,2019-11-05 19:53:34.124339,AMZN,1441.34,316,B0056,S0024
2019_T00285,2019-11-06 02:04:03.862568,TSLA,1210.39,967,B0036,S0026
2019_T00044,2019-11-07 10:33:47.415957,MSFT,243.14,471,B0093,S0004
2019_T00242,2019-11-08 19:56:41.311014,AMZN,386.49,53,B0035,S0083
2019_T00465,2019-11-09 22:23:46.430262,AMZN,1438.76,379,B0018,S0023
2019_T00352,2019-11-10 19:36:51.857657,AMZN,1065.9,669,B0036,S0033
2019_T00047,2019-11-11 01:59:08.223079,TSLA,1175.5,373,B0011,S0088
2019_T00074,2019-11-11 13:55:58.956531,GOOGL,1322.74,186,B0069,S0046
2019_T00456,2019-11-11 18:19:27.268706,AAPL,375.92,9,B0063,S0012
2019_T00088,2019-11-12 07:48:33.230114,AMZN,538.65,451,B0087,S0031
2019_T00262,2019-11-12 21:04:05.559846,GOOGL,450.65,93,B0098,S0098
2019_T00141,2019-11-13 03:42:33.726899,GOOGL,322.83,652,B0013,S0061
2019_T00110,2019-11-13 05:19:17.365527,MSFT,544.75,523,B0088,S0019
2019_T00499,2019-11-13 22:50:23.873762,MSFT,763.18,873,B0019,S0051
2019_T00037,2019-11-15 08:02:46.442577,AAPL,433.01,425,B0044,S0057
2019_T00109,2019-11-17 02:11:11.126644,AMZN,344.48,839,B0002,S0019
2019_T00024,2019-11-17 21:02:20.054045,MSFT,1478.58,620,B0036,S0073
2019_T00147,2019-11-18 05:32:31.721873,MSFT,400.39,963,B0027,S0070
2019_T00320,2019-11-18 07:00:21.550174,AAPL,501.63,986,B0014,S0084
2019_T00143,2019-11-20 08:02:33.470107,AAPL,1078.04,332,B0054,S0012
2019_T00021,2019-11-21 01:56:56.579879,GOOGL,136.63,8,B0047,S0005
2019_T00209,2019-11-21 02:51:25.709329,AAPL,343.58,791,B0061,S0030
2019_T00490,2019-11-21 05:57:02.397086,GOOGL,602.98,165,B0054,S0017
2019_T00267,2019-11-21 10:23:57.966405,AMZN,536.63,522,B0051,S0066
2019_T00424,2019-11-21 22:38:56.115106,AMZN,305.16,168,B0002,S0021
2019_T00397,2019-11-22 19:45:39.655502,AAPL,1405.25,887,B0024,S0016
2019_T00086,2019-11-23 02:37:21.685563,AMZN,243.2,833,B0070,S0091
2019_T00235,2019-11-23 08:22:49.742017,GOOGL,1256.36,688,B0081,S0045
2019_T00443,2019-11-23 19:23:06.441304,AMZN,989.9,949,B0089,S0066
2019_T00053,2019-11-24 09:27:37.413577,GOOGL,1291.11,520,B0020,S0013
2019_T00191,2019-11-24 23:33:57.856676,AAPL,1261.19,775,B0029,S0021
2019_T00269,2019-11-26 01:27:23.334163,GOOGL,1180.5,722,B0074,S0091
2019_T00318,2019-11-26 02:48:30.200084,GOOGL,468.67,6,B0058,S0067
2019_T00194,2019-11-27 23:05:06.740509,GOOGL,1457.16,650,B0053,S0059
2019_T00250,2019-11-29 16:57:42.234572,AAPL,453.29,837,B0039,S0084
2019_T00137,2019-12-03 18:49:06.401242,TSLA,199.33,212,B0040,S0076
2019_T00268,2019-12-04 12:36:44.459167,GOOGL,357.15,202,B0034,S0069
2019_T00010,2019-12-04 18:17:44.111310,AMZN,305.02,313,B0071,S0063
2019_T00365,2019-12-05 17:38:54.268595,AMZN,122.23,873,B0001,S0049
2019_T00104,2019-12-06 02:04:46.692802,AMZN,422.72,612,B0003,S0060
2019_T00478,2019-12-07 06:57:55.180723,AAPL,1466.27,67,B0005,S0025
2019_T00295,2019-12-07 19:54:08.812319,AAPL,604.51,994,B0095,S0080
2019_T00046,2019-12-08 00:29:12.899293,TSLA,136.75,602,B0013,S0013
2019_T00463,2019-12-08 18:59:17.526310,AAPL,1480.43,126,B0070,S0001
2019_T00286,2019-12-09 09:31:10.773710,MSFT,1235.2,558,B0032,S0001
2019_T00239,2019-12-09 14:01:12.227546,AAPL,711.87,533,B0031,S0068
2019_T00339,2019-12-10 10:27:34.077090,MSFT,142.09,43,B0065,S0078
2019_T00201,2019-12-10 12:20:30.481684,AMZN,503.0,912,B0079,S0030
2019_T00334,2019-12-10 23:09:25.561799,TSLA,467.48,785,B0032,S0043
2019_T00348,2019-12-14 11:35:58.190853,GOOGL,464.64,316,B0053,S0082
2019_T00118,2019-12-14 12:09:29.105031,TSLA,196.33,579,B0070,S0098
2019_T00362,2019-12-15 02:22:09.665432,MSFT,358.53,94,B0086,S0084
2019_T00373,2019-12-15 19:10:45.651318,TSLA,1420.18,735,B0076,S0012
2019_T00198,2019-12-17 15:23:21.828641,AAPL,1408.12,141,B0029,S0039
2019_T00359,2019-12-17 23:34:35.184374,GOOGL,788.98,87,B0041,S0055
2019_T00289,2019-12-17 23:46:52.444433,MSFT,1470.14,6,B0014,S0001
2019_T00174,2019-12-18 16:32:13.812342,AAPL,1212.85,829,B0068,S0042
2019_T00405,2019-12-19 08:13:24.821863,MSFT,201.87,323,B0091,S0090
2019_T00146,2019-12-19 12:58:45.231153,MSFT,202.57,117,B0024,S0077
2019_T00353,2019-12-19 15:58:11.104213,AAPL,892.79,725,B0049,S0090
2019_T00461,2019-12-24 12:16:00.828941,AAPL,265.57,359,B0059,S0010
2019_T00415,2019-12-24 19:52:53.357082,TSLA,1277.73,4,B0094,S0059
2019_T00181,2019-12-25 00:13:15.935175,AAPL,815.0,401,B0023,S0021
2019_T00205,2019-12-25 11:46:29.377040,AAPL,161.79,529,B0067,S0013
2019_T00017,2019-12-25 19:51:31.687891,MSFT,447.92,859,B0039,S0057
2019_T00498,2019-12-25 20:12:47.418907,AMZN,369.18,505,B0042,S0072
2019_T00027,2019-12-26 01:32:28.041025,AAPL,879.98,155,B0058,S0016
2019_T00428,2019-12-26 19:18:08.773906,MSFT,656.45,651,B0070,S0059
2019_T00469,2019-12-27 10:14:33.643070,TSLA,680.56,994,B0017,S0061
2019_T00385,2019-12-27 22:25:08.187273,AMZN,1022.14,138,B0012,S0090
2019_T00475,2019-12-28 05:26:15.985284,TSLA,277.24,273,B0033,S0007
2019_T00323,2019-12-28 09:16:31.927843,MSFT,611.93,263,B0030,S0002
2019_T00208,2019-12-28 09:35:40.176995,GOOGL,1131.38,382,B0087,S0084
2019_T00034,2019-12-29 07:04:48.036174,TSLA,1073.23,703,B0053,S0008
2019_T00329,2019-12-29 09:13:02.588069,TSLA,172.15,886,B0067,S0074
2019_T00444,2019-12-29 13:21:30.303035,GOOGL,628.47,702,B0069,S0027
2019_T00155,2019-12-29 23:35:25.408432,AAPL,159.57,258,B0058,S0034
2019_T00408,2019-12-30 13:22:59.083068,GOOGL,717.71,85,B0052,S0030
2019_T00276,2019-12-31 02:07:59.177351,AAPL,1418.03,116,B0012,S0027
2019_T00145,2019-12-31 04:36:24.568770,AMZN,394.86,123,B0028,S0076
